cell_id,alpha,kappa,p,theta,cov_all,nF,covF_fixed,nEnv,covEnv_fixed
a0.1_k0.5_none_p1_th0.05,0.1,0.5,1,0.05,0.96,0,,0,
a0.1_k0.5_none_p1_th0.18,0.1,0.5,1,0.18,0.96,0,,0,
a0.1_k0.5_none_p1_th0.1,0.1,0.5,1,0.1,0.96,0,,0,
a0.1_k0.5_none_p1_th0.28,0.1,0.5,1,0.28,0.96,0,,0,
a0.1_k0.5_none_p1_th0.4,0.1,0.5,1,0.4,0.96,2,,15,
a0.1_k0.5_none_p1_th0.55,0.1,0.5,1,0.55,0.96,400,0.96,400,0.96
a0.1_k0.5_none_p1_th0.72,0.1,0.5,1,0.72,0.96,400,0.96,400,0.96
a0.1_k0.5_none_p1_th0.88,0.1,0.5,1,0.88,0.96,400,0.96,400,0.96
a0.1_k0.5_none_p5_th0.05,0.1,0.5,5,0.05,0.0,0,,0,
a0.1_k0.5_none_p5_th0.18,0.1,0.5,5,0.18,0.0,400,0.0,400,0.0
a0.1_k0.5_none_p5_th0.1,0.1,0.5,5,0.1,0.0,0,,0,
a0.1_k0.5_none_p5_th0.28,0.1,0.5,5,0.28,0.0,400,0.0,400,0.0
a0.1_k0.5_none_p5_th0.4,0.1,0.5,5,0.4,0.0,400,0.0,400,0.0
a0.1_k0.5_none_p5_th0.55,0.1,0.5,5,0.55,0.0,400,0.0,400,0.0
a0.1_k0.5_none_p5_th0.72,0.1,0.5,5,0.72,0.0,400,0.0,400,0.0
a0.1_k0.5_none_p5_th0.88,0.1,0.5,5,0.88,0.0,400,0.0,400,0.0
a0.1_k2.0_none_p1_th0.05,0.1,2.0,1,0.05,0.955,0,,0,
a0.1_k2.0_none_p1_th0.18,0.1,2.0,1,0.18,0.955,0,,0,
a0.1_k2.0_none_p1_th0.1,0.1,2.0,1,0.1,0.955,0,,0,
a0.1_k2.0_none_p1_th0.28,0.1,2.0,1,0.28,0.955,0,,0,
a0.1_k2.0_none_p1_th0.4,0.1,2.0,1,0.4,0.955,0,,27,
a0.1_k2.0_none_p1_th0.55,0.1,2.0,1,0.55,0.955,400,0.955,400,0.955
a0.1_k2.0_none_p1_th0.72,0.1,2.0,1,0.72,0.955,400,0.955,400,0.955
a0.1_k2.0_none_p1_th0.88,0.1,2.0,1,0.88,0.955,400,0.955,400,0.955
a0.1_k2.0_none_p5_th0.05,0.1,2.0,5,0.05,0.0,0,,0,
a0.1_k2.0_none_p5_th0.18,0.1,2.0,5,0.18,0.0,400,0.0,400,0.0
a0.1_k2.0_none_p5_th0.1,0.1,2.0,5,0.1,0.0,0,,0,
a0.1_k2.0_none_p5_th0.28,0.1,2.0,5,0.28,0.0,400,0.0,400,0.0
a0.1_k2.0_none_p5_th0.4,0.1,2.0,5,0.4,0.0,400,0.0,400,0.0
a0.1_k2.0_none_p5_th0.55,0.1,2.0,5,0.55,0.0,400,0.0,400,0.0
a0.1_k2.0_none_p5_th0.72,0.1,2.0,5,0.72,0.0,400,0.0,400,0.0
a0.1_k2.0_none_p5_th0.88,0.1,2.0,5,0.88,0.0,400,0.0,400,0.0
a0.3_k0.5_none_p1_th0.05,0.3,0.5,1,0.05,0.94,0,,0,
a0.3_k0.5_none_p1_th0.18,0.3,0.5,1,0.18,0.94,0,,0,
a0.3_k0.5_none_p1_th0.1,0.3,0.5,1,0.1,0.94,0,,0,
a0.3_k0.5_none_p1_th0.28,0.3,0.5,1,0.28,0.94,0,,0,
a0.3_k0.5_none_p1_th0.4,0.3,0.5,1,0.4,0.94,0,,0,
a0.3_k0.5_none_p1_th0.55,0.3,0.5,1,0.55,0.94,0,,0,
a0.3_k0.5_none_p1_th0.72,0.3,0.5,1,0.72,0.94,128,0.921875,330,0.9424242424242424
a0.3_k0.5_none_p1_th0.88,0.3,0.5,1,0.88,0.94,400,0.94,400,0.94
a0.3_k0.5_none_p5_th0.05,0.3,0.5,5,0.05,0.0,0,,0,
a0.3_k0.5_none_p5_th0.18,0.3,0.5,5,0.18,0.0,0,,0,
a0.3_k0.5_none_p5_th0.1,0.3,0.5,5,0.1,0.0,0,,0,
a0.3_k0.5_none_p5_th0.28,0.3,0.5,5,0.28,0.0,0,,0,
a0.3_k0.5_none_p5_th0.4,0.3,0.5,5,0.4,0.0,400,0.0,400,0.0
a0.3_k0.5_none_p5_th0.55,0.3,0.5,5,0.55,0.0,400,0.0,400,0.0
a0.3_k0.5_none_p5_th0.72,0.3,0.5,5,0.72,0.0,400,0.0,400,0.0
a0.3_k0.5_none_p5_th0.88,0.3,0.5,5,0.88,0.0,400,0.0,400,0.0
a0.3_k2.0_none_p1_th0.05,0.3,2.0,1,0.05,0.965,0,,0,
a0.3_k2.0_none_p1_th0.18,0.3,2.0,1,0.18,0.965,0,,0,
a0.3_k2.0_none_p1_th0.1,0.3,2.0,1,0.1,0.965,0,,0,
a0.3_k2.0_none_p1_th0.28,0.3,2.0,1,0.28,0.965,0,,0,
a0.3_k2.0_none_p1_th0.4,0.3,2.0,1,0.4,0.965,0,,0,
a0.3_k2.0_none_p1_th0.55,0.3,2.0,1,0.55,0.965,0,,0,
a0.3_k2.0_none_p1_th0.72,0.3,2.0,1,0.72,0.965,113,0.8938053097345132,331,0.9607250755287009
a0.3_k2.0_none_p1_th0.88,0.3,2.0,1,0.88,0.965,400,0.965,400,0.965
a0.3_k2.0_none_p5_th0.05,0.3,2.0,5,0.05,0.0025,0,,0,
a0.3_k2.0_none_p5_th0.18,0.3,2.0,5,0.18,0.0,0,,0,
a0.3_k2.0_none_p5_th0.1,0.3,2.0,5,0.1,0.0,0,,0,
a0.3_k2.0_none_p5_th0.28,0.3,2.0,5,0.28,0.0,0,,0,
a0.3_k2.0_none_p5_th0.4,0.3,2.0,5,0.4,0.0,400,0.0,400,0.0
a0.3_k2.0_none_p5_th0.55,0.3,2.0,5,0.55,0.0,400,0.0,400,0.0
a0.3_k2.0_none_p5_th0.72,0.3,2.0,5,0.72,0.0,400,0.0,400,0.0
a0.3_k2.0_none_p5_th0.88,0.3,2.0,5,0.88,0.0,400,0.0,400,0.0
a0.5_k0.5_none_p1_th0.05,0.5,0.5,1,0.05,0.9475,0,,0,
a0.5_k0.5_none_p1_th0.18,0.5,0.5,1,0.18,0.9475,0,,0,
a0.5_k0.5_none_p1_th0.1,0.5,0.5,1,0.1,0.9475,0,,0,
a0.5_k0.5_none_p1_th0.28,0.5,0.5,1,0.28,0.9475,0,,0,
a0.5_k0.5_none_p1_th0.4,0.5,0.5,1,0.4,0.9475,0,,0,
a0.5_k0.5_none_p1_th0.55,0.5,0.5,1,0.55,0.9475,0,,0,
a0.5_k0.5_none_p1_th0.72,0.5,0.5,1,0.72,0.9475,0,,0,
a0.5_k0.5_none_p1_th0.88,0.5,0.5,1,0.88,0.9475,400,0.9475,400,0.9475
a0.5_k0.5_none_p5_th0.05,0.5,0.5,5,0.05,0.07,0,,0,
a0.5_k0.5_none_p5_th0.18,0.5,0.5,5,0.18,0.0,0,,0,
a0.5_k0.5_none_p5_th0.1,0.5,0.5,5,0.1,0.0,0,,0,
a0.5_k0.5_none_p5_th0.28,0.5,0.5,5,0.28,0.0,0,,0,
a0.5_k0.5_none_p5_th0.4,0.5,0.5,5,0.4,0.0,0,,0,
a0.5_k0.5_none_p5_th0.55,0.5,0.5,5,0.55,0.0,400,0.0,400,0.0
a0.5_k0.5_none_p5_th0.72,0.5,0.5,5,0.72,0.0,400,0.0,400,0.0
a0.5_k0.5_none_p5_th0.88,0.5,0.5,5,0.88,0.0,400,0.0,400,0.0
a0.5_k2.0_none_p1_th0.05,0.5,2.0,1,0.05,0.9325,0,,0,
a0.5_k2.0_none_p1_th0.18,0.5,2.0,1,0.18,0.9325,0,,0,
a0.5_k2.0_none_p1_th0.1,0.5,2.0,1,0.1,0.9325,0,,0,
a0.5_k2.0_none_p1_th0.28,0.5,2.0,1,0.28,0.9325,0,,0,
a0.5_k2.0_none_p1_th0.4,0.5,2.0,1,0.4,0.9325,0,,0,
a0.5_k2.0_none_p1_th0.55,0.5,2.0,1,0.55,0.9325,0,,0,
a0.5_k2.0_none_p1_th0.72,0.5,2.0,1,0.72,0.9325,0,,0,
a0.5_k2.0_none_p1_th0.88,0.5,2.0,1,0.88,0.9325,400,0.9325,400,0.9325
a0.5_k2.0_none_p5_th0.05,0.5,2.0,5,0.05,0.0875,0,,0,
a0.5_k2.0_none_p5_th0.18,0.5,2.0,5,0.18,0.0,0,,0,
a0.5_k2.0_none_p5_th0.1,0.5,2.0,5,0.1,0.0,0,,0,
a0.5_k2.0_none_p5_th0.28,0.5,2.0,5,0.28,0.0,0,,0,
a0.5_k2.0_none_p5_th0.4,0.5,2.0,5,0.4,0.0,0,,2,
a0.5_k2.0_none_p5_th0.55,0.5,2.0,5,0.55,0.0,400,0.0,400,0.0
a0.5_k2.0_none_p5_th0.72,0.5,2.0,5,0.72,0.0,400,0.0,400,0.0
a0.5_k2.0_none_p5_th0.88,0.5,2.0,5,0.88,0.0,400,0.0,400,0.0
a0.7_k0.5_none_p1_th0.05,0.7,0.5,1,0.05,0.9475,0,,0,
a0.7_k0.5_none_p1_th0.18,0.7,0.5,1,0.18,0.9475,0,,0,
a0.7_k0.5_none_p1_th0.1,0.7,0.5,1,0.1,0.9475,0,,0,
a0.7_k0.5_none_p1_th0.28,0.7,0.5,1,0.28,0.9475,0,,0,
a0.7_k0.5_none_p1_th0.4,0.7,0.5,1,0.4,0.9475,0,,0,
a0.7_k0.5_none_p1_th0.55,0.7,0.5,1,0.55,0.9475,0,,0,
a0.7_k0.5_none_p1_th0.72,0.7,0.5,1,0.72,0.9475,0,,0,
a0.7_k0.5_none_p1_th0.88,0.7,0.5,1,0.88,0.9475,377,0.9496021220159151,398,0.9472361809045227
a0.7_k0.5_none_p5_th0.05,0.7,0.5,5,0.05,0.415,0,,0,
a0.7_k0.5_none_p5_th0.18,0.7,0.5,5,0.18,0.0,0,,0,
a0.7_k0.5_none_p5_th0.1,0.7,0.5,5,0.1,0.0175,0,,0,
a0.7_k0.5_none_p5_th0.28,0.7,0.5,5,0.28,0.0,0,,0,
a0.7_k0.5_none_p5_th0.4,0.7,0.5,5,0.4,0.0,0,,0,
a0.7_k0.5_none_p5_th0.55,0.7,0.5,5,0.55,0.0,160,0.0,373,0.0
a0.7_k0.5_none_p5_th0.72,0.7,0.5,5,0.72,0.0,400,0.0,400,0.0
a0.7_k0.5_none_p5_th0.88,0.7,0.5,5,0.88,0.0,400,0.0,400,0.0
a0.7_k2.0_none_p1_th0.05,0.7,2.0,1,0.05,0.9475,0,,0,
a0.7_k2.0_none_p1_th0.18,0.7,2.0,1,0.18,0.9475,0,,0,
a0.7_k2.0_none_p1_th0.1,0.7,2.0,1,0.1,0.9475,0,,0,
a0.7_k2.0_none_p1_th0.28,0.7,2.0,1,0.28,0.9475,0,,0,
a0.7_k2.0_none_p1_th0.4,0.7,2.0,1,0.4,0.9475,0,,0,
a0.7_k2.0_none_p1_th0.55,0.7,2.0,1,0.55,0.9475,0,,0,
a0.7_k2.0_none_p1_th0.72,0.7,2.0,1,0.72,0.9475,0,,0,
a0.7_k2.0_none_p1_th0.88,0.7,2.0,1,0.88,0.9475,381,0.9448818897637795,400,0.9475
a0.7_k2.0_none_p5_th0.05,0.7,2.0,5,0.05,0.335,0,,0,
a0.7_k2.0_none_p5_th0.18,0.7,2.0,5,0.18,0.0,0,,0,
a0.7_k2.0_none_p5_th0.1,0.7,2.0,5,0.1,0.005,0,,0,
a0.7_k2.0_none_p5_th0.28,0.7,2.0,5,0.28,0.0,0,,0,
a0.7_k2.0_none_p5_th0.4,0.7,2.0,5,0.4,0.0,0,,0,
a0.7_k2.0_none_p5_th0.55,0.7,2.0,5,0.55,0.0,154,0.0,365,0.0
a0.7_k2.0_none_p5_th0.72,0.7,2.0,5,0.72,0.0,400,0.0,400,0.0
a0.7_k2.0_none_p5_th0.88,0.7,2.0,5,0.88,0.0,400,0.0,400,0.0
a0.9_k0.5_none_p1_th0.05,0.9,0.5,1,0.05,0.9475,0,,0,
a0.9_k0.5_none_p1_th0.18,0.9,0.5,1,0.18,0.9475,0,,0,
a0.9_k0.5_none_p1_th0.1,0.9,0.5,1,0.1,0.9475,0,,0,
a0.9_k0.5_none_p1_th0.28,0.9,0.5,1,0.28,0.9475,0,,0,
a0.9_k0.5_none_p1_th0.4,0.9,0.5,1,0.4,0.9475,0,,0,
a0.9_k0.5_none_p1_th0.55,0.9,0.5,1,0.55,0.9475,0,,0,
a0.9_k0.5_none_p1_th0.72,0.9,0.5,1,0.72,0.9475,0,,0,
a0.9_k0.5_none_p1_th0.88,0.9,0.5,1,0.88,0.9475,127,0.8976377952755905,241,0.941908713692946
a0.9_k0.5_none_p5_th0.05,0.9,0.5,5,0.05,0.7475,0,,0,
a0.9_k0.5_none_p5_th0.18,0.9,0.5,5,0.18,0.01,0,,0,
a0.9_k0.5_none_p5_th0.1,0.9,0.5,5,0.1,0.33,0,,0,
a0.9_k0.5_none_p5_th0.28,0.9,0.5,5,0.28,0.0,0,,0,
a0.9_k0.5_none_p5_th0.4,0.9,0.5,5,0.4,0.0,0,,0,
a0.9_k0.5_none_p5_th0.55,0.9,0.5,5,0.55,0.0,11,,59,0.0
a0.9_k0.5_none_p5_th0.72,0.9,0.5,5,0.72,0.0,400,0.0,400,0.0
a0.9_k0.5_none_p5_th0.88,0.9,0.5,5,0.88,0.0,400,0.0,400,0.0
a0.9_k2.0_none_p1_th0.05,0.9,2.0,1,0.05,0.96,0,,0,
a0.9_k2.0_none_p1_th0.18,0.9,2.0,1,0.18,0.96,0,,0,
a0.9_k2.0_none_p1_th0.1,0.9,2.0,1,0.1,0.96,0,,0,
a0.9_k2.0_none_p1_th0.28,0.9,2.0,1,0.28,0.96,0,,0,
a0.9_k2.0_none_p1_th0.4,0.9,2.0,1,0.4,0.96,0,,0,
a0.9_k2.0_none_p1_th0.55,0.9,2.0,1,0.55,0.96,0,,0,
a0.9_k2.0_none_p1_th0.72,0.9,2.0,1,0.72,0.96,0,,0,
a0.9_k2.0_none_p1_th0.88,0.9,2.0,1,0.88,0.96,116,0.8793103448275862,218,0.926605504587156
a0.9_k2.0_none_p5_th0.05,0.9,2.0,5,0.05,0.7675,0,,0,
a0.9_k2.0_none_p5_th0.18,0.9,2.0,5,0.18,0.0125,0,,0,
a0.9_k2.0_none_p5_th0.1,0.9,2.0,5,0.1,0.3625,0,,0,
a0.9_k2.0_none_p5_th0.28,0.9,2.0,5,0.28,0.0,0,,0,
a0.9_k2.0_none_p5_th0.4,0.9,2.0,5,0.4,0.0,0,,0,
a0.9_k2.0_none_p5_th0.55,0.9,2.0,5,0.55,0.0,6,,59,0.0
a0.9_k2.0_none_p5_th0.72,0.9,2.0,5,0.72,0.0,400,0.0,400,0.0
a0.9_k2.0_none_p5_th0.88,0.9,2.0,5,0.88,0.0,400,0.0,400,0.0
