experiment,cell_id,n,p,q,alpha,theta,rho,power_exact,power_tw,outlier_r2_median,outlier_r2_q25,outlier_r2_q75,g_pred,B,seed,power_f10,loc_err_sigma
phase3_power_surface,n250_a0.1_p1,250,1,25,0.1,0.01,0.0,0.11666666666666667,0.10666666666666667,0.1062069489827921,0.09096460009837329,0.12664808203875277,0.10900000000000001,300,20260823,0.0,0.1501285362134448
phase3_power_surface,n250_a0.1_p1,250,1,25,0.1,0.02,0.0,0.2,0.17333333333333334,0.1151438231140261,0.09462010418971128,0.1420449931880901,0.11800000000000001,300,20260823,0.0,0.14314822415807882
phase3_power_surface,n250_a0.1_p1,250,1,25,0.1,0.04,0.0,0.33,0.31666666666666665,0.1364248114557502,0.11303789786024604,0.15745407191071492,0.136,300,20260823,0.0,0.01863458160956749
phase3_power_surface,n250_a0.1_p1,250,1,25,0.1,0.07,0.0,0.6666666666666666,0.6466666666666666,0.16367698827554805,0.13560760664794008,0.18590979153336465,0.16300000000000003,300,20260823,0.0,0.025567607061537156
phase3_power_surface,n250_a0.1_p1,250,1,25,0.1,0.1,0.0,0.85,0.8466666666666667,0.18941282298778472,0.16362913227140358,0.21470680691942404,0.19,300,20260823,0.0,0.019714767732702754
phase3_power_surface,n250_a0.1_p1,250,1,25,0.1,0.15,0.0,0.9833333333333333,0.9766666666666667,0.23522015203221797,0.19986433586317937,0.26630960457135355,0.23500000000000001,300,20260823,0.0,0.006318286122389161
phase3_power_surface,n250_a0.1_p1,250,1,25,0.1,0.22,0.0,1.0,1.0,0.2976122083040039,0.2616260063213035,0.3300663447344441,0.29800000000000004,300,20260823,0.0,0.00957094131572589
phase3_power_surface,n250_a0.1_p1,250,1,25,0.1,0.32,0.0,1.0,1.0,0.37760411319809706,0.3477588863537654,0.41281207989255764,0.388,300,20260823,0.0,0.2271067082385585
phase3_power_surface,n250_a0.1_p1,250,1,25,0.1,0.45,0.0,1.0,1.0,0.50314980450753,0.4758632554913693,0.5323819345695905,0.505,300,20260823,0.2966666666666667,0.03819914999863627
phase3_power_surface,n250_a0.1_p1,250,1,25,0.1,0.62,0.0,1.0,1.0,0.6573245091373836,0.6288518335187667,0.6836630672059584,0.658,300,20260823,1.0,0.015484907960601646
phase3_power_surface,n250_a0.1_p1,250,1,25,0.1,0.8,0.0,1.0,1.0,0.8194408758592695,0.8040467993384743,0.8351049610670145,0.8200000000000001,300,20260823,1.0,0.01952733700186826
phase3_power_surface,n250_a0.1_p1,250,1,25,0.1,0.93,0.0,1.0,1.0,0.9361052227364344,0.9310358464184048,0.9416246109813518,0.937,300,20260823,1.0,0.07771815808991533
phase3_power_surface,n250_a0.1_p5,250,5,25,0.1,0.01,0.0,0.18666666666666668,0.18666666666666668,0.18589355113223227,0.16542595173289915,0.20502533709778523,0.10900000000000001,300,20260823,0.0,4.902339154777203
phase3_power_surface,n250_a0.1_p5,250,5,25,0.1,0.02,0.0,0.5,0.5033333333333333,0.21373492394616225,0.18896108229717368,0.23299719051860213,0.11800000000000001,300,20260823,0.0,5.569022524485884
phase3_power_surface,n250_a0.1_p5,250,5,25,0.1,0.04,0.0,0.9333333333333333,0.9333333333333333,0.2815385032428571,0.25331224178198136,0.306987377974788,0.136,300,20260823,0.0,7.164632155006549
phase3_power_surface,n250_a0.1_p5,250,5,25,0.1,0.07,0.0,0.9966666666666667,0.9966666666666667,0.35995399466181716,0.3270124518268554,0.3912153308204357,0.16300000000000003,300,20260823,0.0,8.330635623587142
phase3_power_surface,n250_a0.1_p5,250,5,25,0.1,0.1,0.0,1.0,1.0,0.43272087255884495,0.4029926292290084,0.4673838846627674,0.19,300,20260823,0.023333333333333334,9.263387326003444
phase3_power_surface,n250_a0.1_p5,250,5,25,0.1,0.15,0.0,1.0,1.0,0.528666702861394,0.49864577369792906,0.5594976524184154,0.23500000000000001,300,20260823,0.5133333333333333,10.173279184133886
phase3_power_surface,n250_a0.1_p5,250,5,25,0.1,0.22,0.0,1.0,1.0,0.6360270113829164,0.6073513026674626,0.6598629491936845,0.29800000000000004,300,20260823,1.0,11.115274440899142
phase3_power_surface,n250_a0.1_p5,250,5,25,0.1,0.32,0.0,1.0,1.0,0.7371423246094939,0.709345599565991,0.7556732267936049,0.388,300,20260823,1.0,11.680023419331295
phase3_power_surface,n250_a0.1_p5,250,5,25,0.1,0.45,0.0,1.0,1.0,0.8271683954317537,0.8153327648438184,0.8409616863100294,0.505,300,20260823,1.0,12.141873968207522
phase3_power_surface,n250_a0.1_p5,250,5,25,0.1,0.62,0.0,1.0,1.0,0.9041014663360356,0.8943681357857313,0.9125470790793496,0.658,300,20260823,1.0,12.484104838332524
phase3_power_surface,n250_a0.1_p5,250,5,25,0.1,0.8,0.0,1.0,1.0,0.958202585682763,0.9546923590802348,0.9614639918140219,0.8200000000000001,300,20260823,1.0,12.693217479980046
phase3_power_surface,n250_a0.1_p5,250,5,25,0.1,0.93,0.0,1.0,1.0,0.9868283095842731,0.9856033291062469,0.9880858800166326,0.937,300,20260823,1.0,12.70107594244466
phase3_power_surface,n250_a0.5_p1,250,1,124,0.5,0.01,0.0,0.07333333333333333,0.06,0.511112552008925,0.4813143202411102,0.5367036415431796,0.505,300,20260823,0.0,0.17165871352197404
phase3_power_surface,n250_a0.5_p1,250,1,124,0.5,0.02,0.0,0.08666666666666667,0.06666666666666667,0.5059761133706066,0.4777441970851363,0.5368927623611037,0.51,300,20260823,0.0,0.11300145914471005
phase3_power_surface,n250_a0.5_p1,250,1,124,0.5,0.04,0.0,0.11666666666666667,0.09333333333333334,0.5191505324366482,0.4857784859075174,0.5495765949504718,0.52,300,20260823,0.0,0.023885712105757295
phase3_power_surface,n250_a0.5_p1,250,1,124,0.5,0.07,0.0,0.23666666666666666,0.2,0.5342733596858901,0.5035692405699634,0.5669771548056137,0.535,300,20260823,0.0,0.02049905222219045
phase3_power_surface,n250_a0.5_p1,250,1,124,0.5,0.1,0.0,0.2833333333333333,0.25,0.5447790361698677,0.5174744908743674,0.5748603344689713,0.55,300,20260823,0.0,0.1479104442371665
phase3_power_surface,n250_a0.5_p1,250,1,124,0.5,0.15,0.0,0.49333333333333335,0.44333333333333336,0.5683695360827343,0.5392006553765377,0.6000827004826914,0.575,300,20260823,0.0,0.19006227974365464
phase3_power_surface,n250_a0.5_p1,250,1,124,0.5,0.22,0.0,0.82,0.7933333333333333,0.6069967515091854,0.5780533020595591,0.6324259324202726,0.61,300,20260823,0.0,0.08848405807059012
phase3_power_surface,n250_a0.5_p1,250,1,124,0.5,0.32,0.0,0.9733333333333334,0.9666666666666667,0.6546507990924273,0.6278004569906108,0.6811748392500269,0.66,300,20260823,0.0,0.16668568874532097
phase3_power_surface,n250_a0.5_p1,250,1,124,0.5,0.45,0.0,1.0,1.0,0.7252422557634775,0.7000854489410085,0.7478639512808539,0.725,300,20260823,0.0,0.008530752362376326
phase3_power_surface,n250_a0.5_p1,250,1,124,0.5,0.62,0.0,1.0,1.0,0.8077658913003547,0.7909495030021869,0.8244170491984887,0.81,300,20260823,0.0,0.10143511966885121
phase3_power_surface,n250_a0.5_p1,250,1,124,0.5,0.8,0.0,1.0,1.0,0.9008942982513979,0.8902865324162067,0.9107279575232061,0.9,300,20260823,0.32,0.07002259496191243
phase3_power_surface,n250_a0.5_p1,250,1,124,0.5,0.93,0.0,1.0,1.0,0.9649522507998141,0.9614434292035319,0.9682006012592532,0.9650000000000001,300,20260823,1.0,0.009916319783503269
phase3_power_surface,n250_a0.5_p5,250,5,124,0.5,0.01,0.0,0.08,0.07333333333333333,0.6059688148044877,0.5868867111984473,0.6263201745908429,0.505,300,20260823,0.0,4.100206496654286
phase3_power_surface,n250_a0.5_p5,250,5,124,0.5,0.02,0.0,0.10333333333333333,0.09333333333333334,0.6110992833815935,0.5906772178611217,0.6297316708536697,0.51,300,20260823,0.0,4.115514614363144
phase3_power_surface,n250_a0.5_p5,250,5,124,0.5,0.04,0.0,0.31,0.30333333333333334,0.6347788840914435,0.6130642480327771,0.6582944157674477,0.52,300,20260823,0.0,4.722966145345259
phase3_power_surface,n250_a0.5_p5,250,5,124,0.5,0.07,0.0,0.66,0.63,0.6632043494809388,0.6417078597489632,0.6846305657783888,0.535,300,20260823,0.0,5.368836084610049
phase3_power_surface,n250_a0.5_p5,250,5,124,0.5,0.1,0.0,0.9366666666666666,0.9366666666666666,0.6975290520917992,0.6767312086761381,0.7237850637527256,0.55,300,20260823,0.0,6.343047806383401
phase3_power_surface,n250_a0.5_p5,250,5,124,0.5,0.15,0.0,1.0,1.0,0.7476053514416707,0.7261247526576866,0.768765198332575,0.575,300,20260823,0.0,7.828803131019187
phase3_power_surface,n250_a0.5_p5,250,5,124,0.5,0.22,0.0,1.0,1.0,0.7991539668003185,0.7783594259072195,0.8158943526914724,0.61,300,20260823,0.0,9.328447349728638
phase3_power_surface,n250_a0.5_p5,250,5,124,0.5,0.32,0.0,1.0,1.0,0.8561190375003329,0.8424164380970895,0.8702132235691226,0.66,300,20260823,0.0,11.190995165221452
phase3_power_surface,n250_a0.5_p5,250,5,124,0.5,0.45,0.0,1.0,1.0,0.9043875682771818,0.8947516678171135,0.9122513379524008,0.725,300,20260823,0.38,12.763805275755981
phase3_power_surface,n250_a0.5_p5,250,5,124,0.5,0.62,0.0,1.0,1.0,0.9466830354019227,0.9409187815889841,0.9514193278628786,0.81,300,20260823,1.0,14.253884702144433
phase3_power_surface,n250_a0.5_p5,250,5,124,0.5,0.8,0.0,1.0,1.0,0.9769171054858032,0.9743014352954761,0.9792436616161347,0.9,300,20260823,1.0,15.466627050125396
phase3_power_surface,n250_a0.5_p5,250,5,124,0.5,0.93,0.0,1.0,1.0,0.9926678602348182,0.9917782457813774,0.9934751285398218,0.9650000000000001,300,20260823,1.0,15.898862623110986
phase3_power_surface,n250_a0.9_p1,250,1,224,0.9,0.01,0.0,0.07333333333333333,0.08,0.9039157326218943,0.8869708864609284,0.9188177389205257,0.901,300,20260823,0.0,0.15970898700037672
phase3_power_surface,n250_a0.9_p1,250,1,224,0.9,0.02,0.0,0.07333333333333333,0.08333333333333333,0.904626626821522,0.8853285419237134,0.9208197850501171,0.902,300,20260823,0.0,0.14500703307977925
phase3_power_surface,n250_a0.9_p1,250,1,224,0.9,0.04,0.0,0.11666666666666667,0.12,0.9057575856605256,0.8872852988896822,0.923423793972417,0.904,300,20260823,0.0,0.09845358925113357
phase3_power_surface,n250_a0.9_p1,250,1,224,0.9,0.07,0.0,0.10666666666666667,0.11,0.9088325062333775,0.8932382571884878,0.9228032299770365,0.907,300,20260823,0.0,0.105682076119899
phase3_power_surface,n250_a0.9_p1,250,1,224,0.9,0.1,0.0,0.12,0.12333333333333334,0.9100828505092442,0.8950074145697693,0.92745122872862,0.91,300,20260823,0.0,0.004879362722944425
phase3_power_surface,n250_a0.9_p1,250,1,224,0.9,0.15,0.0,0.17,0.18,0.9165993681172426,0.9020771600686227,0.9316946093694722,0.915,300,20260823,0.0,0.10000410187943876
phase3_power_surface,n250_a0.9_p1,250,1,224,0.9,0.22,0.0,0.25333333333333335,0.25666666666666665,0.9232284857692521,0.9078292521619216,0.9369711109423218,0.922,300,20260823,0.0,0.0829600454130385
phase3_power_surface,n250_a0.9_p1,250,1,224,0.9,0.32,0.0,0.42333333333333334,0.43666666666666665,0.9340149182935675,0.9213567628424179,0.945005104614277,0.932,300,20260823,0.0,0.15543472752977117
phase3_power_surface,n250_a0.9_p1,250,1,224,0.9,0.45,0.0,0.7033333333333334,0.71,0.9472956850324243,0.9349049765154517,0.956238971122007,0.9450000000000001,300,20260823,0.0,0.21726214612966777
phase3_power_surface,n250_a0.9_p1,250,1,224,0.9,0.62,0.0,0.9733333333333334,0.98,0.9617700857027778,0.9539131815299776,0.9690182854948681,0.962,300,20260823,0.0,0.03023571617418952
phase3_power_surface,n250_a0.9_p1,250,1,224,0.9,0.8,0.0,1.0,1.0,0.9804284356818084,0.9760903115330986,0.9839486914342428,0.98,300,20260823,0.04666666666666667,0.10651227703291166
phase3_power_surface,n250_a0.9_p1,250,1,224,0.9,0.93,0.0,1.0,1.0,0.9929436268225983,0.9913214099926806,0.9941575425999896,0.993,300,20260823,0.96,0.03894630353278039
phase3_power_surface,n250_a0.9_p5,250,5,224,0.9,0.01,0.0,0.07333333333333333,0.11333333333333333,0.9580956277065742,0.9498068479667151,0.9644463852151849,0.901,300,20260823,0.0,5.670474208674797
phase3_power_surface,n250_a0.9_p5,250,5,224,0.9,0.02,0.0,0.07666666666666666,0.10333333333333333,0.9556212724496282,0.9477817653847067,0.9628955698546924,0.902,300,20260823,0.0,5.232078669420999
phase3_power_surface,n250_a0.9_p5,250,5,224,0.9,0.04,0.0,0.13333333333333333,0.18,0.9581869953659982,0.9511579765442136,0.9660257073925528,0.904,300,20260823,0.0,5.474613841406074
phase3_power_surface,n250_a0.9_p5,250,5,224,0.9,0.07,0.0,0.14333333333333334,0.16666666666666666,0.9599132945746648,0.9516698748811703,0.9667528252098243,0.907,300,20260823,0.0,5.5294051688573145
phase3_power_surface,n250_a0.9_p5,250,5,224,0.9,0.1,0.0,0.22666666666666666,0.23666666666666666,0.9611637425740933,0.9536435338574469,0.9689075690924815,0.91,300,20260823,0.0,5.510324363653989
phase3_power_surface,n250_a0.9_p5,250,5,224,0.9,0.15,0.0,0.2733333333333333,0.35,0.9654391409933085,0.9599830812329306,0.9714418450318716,0.915,300,20260823,0.0,5.870020668352055
phase3_power_surface,n250_a0.9_p5,250,5,224,0.9,0.22,0.0,0.4766666666666667,0.57,0.9702897006175831,0.9649311643779528,0.9762993309852656,0.922,300,20260823,0.0033333333333333335,6.255836791946348
phase3_power_surface,n250_a0.9_p5,250,5,224,0.9,0.32,0.0,0.82,0.85,0.9772535382416282,0.9722374565556672,0.9821314857221364,0.932,300,20260823,0.03666666666666667,7.032976888246334
phase3_power_surface,n250_a0.9_p5,250,5,224,0.9,0.45,0.0,0.99,0.9966666666666667,0.9853684729368297,0.9824523222606538,0.9882744945323547,0.9450000000000001,300,20260823,0.23333333333333334,8.408619062971932
phase3_power_surface,n250_a0.9_p5,250,5,224,0.9,0.62,0.0,1.0,1.0,0.9912463687102376,0.9889483562545615,0.9930686189867235,0.962,300,20260823,0.7766666666666666,9.221671549404306
phase3_power_surface,n250_a0.9_p5,250,5,224,0.9,0.8,0.0,1.0,1.0,0.996140639046375,0.9953300206901481,0.9970495368663533,0.98,300,20260823,1.0,10.228133368093978
phase3_power_surface,n250_a0.9_p5,250,5,224,0.9,0.93,0.0,1.0,1.0,0.9987601505696586,0.9984669122730927,0.9990346459775066,0.993,300,20260823,1.0,10.690659541339384
phase3_power_surface,n1000_a0.1_p1,1000,1,100,0.1,0.01,0.0,0.17,0.16333333333333333,0.10777208922020062,0.09748350109063442,0.11838747974179788,0.10900000000000001,300,20260823,0.0,0.12954555008325835
phase3_power_surface,n1000_a0.1_p1,1000,1,100,0.1,0.02,0.0,0.33666666666666667,0.3333333333333333,0.11660240253729329,0.10657959981223245,0.12635624649532834,0.11800000000000001,300,20260823,0.0,0.13761742180959868
phase3_power_surface,n1000_a0.1_p1,1000,1,100,0.1,0.04,0.0,0.7666666666666667,0.7533333333333333,0.13512396571357516,0.12360356996592733,0.14712023106233657,0.136,300,20260823,0.0,0.0762170978243244
phase3_power_surface,n1000_a0.1_p1,1000,1,100,0.1,0.07,0.0,0.99,0.99,0.16328818353310798,0.15084605927759528,0.17891202885896024,0.16300000000000003,300,20260823,0.0,0.02152033278635912
phase3_power_surface,n1000_a0.1_p1,1000,1,100,0.1,0.1,0.0,1.0,1.0,0.18867200260953354,0.17346174484658525,0.20225369024284404,0.19,300,20260823,0.0,0.08821173403828642
phase3_power_surface,n1000_a0.1_p1,1000,1,100,0.1,0.15,0.0,1.0,1.0,0.23511759427147244,0.21761258959481977,0.2479913721073892,0.23500000000000001,300,20260823,0.0,0.006667812402083584
phase3_power_surface,n1000_a0.1_p1,1000,1,100,0.1,0.22,0.0,1.0,1.0,0.29773383331873493,0.2816416739469001,0.3148546376841673,0.29800000000000004,300,20260823,0.0,0.012975191256069607
phase3_power_surface,n1000_a0.1_p1,1000,1,100,0.1,0.32,0.0,1.0,1.0,0.38502271984995834,0.3695233934234551,0.3998107309899893,0.388,300,20260823,0.0,0.12801307328223288
phase3_power_surface,n1000_a0.1_p1,1000,1,100,0.1,0.45,0.0,1.0,1.0,0.5060151775043549,0.49136922196679406,0.5174482519990042,0.505,300,20260823,0.17,0.041405362139354196
phase3_power_surface,n1000_a0.1_p1,1000,1,100,0.1,0.62,0.0,1.0,1.0,0.6581451758965687,0.6462488875256471,0.6686821845597296,0.658,300,20260823,1.0,0.006577919664589871
phase3_power_surface,n1000_a0.1_p1,1000,1,100,0.1,0.8,0.0,1.0,1.0,0.8192496058352976,0.8137240855982049,0.8268002807524613,0.8200000000000001,300,20260823,1.0,0.05174874472262303
phase3_power_surface,n1000_a0.1_p1,1000,1,100,0.1,0.93,0.0,1.0,1.0,0.9367538047791326,0.934148666151023,0.9395519562901199,0.937,300,20260823,1.0,0.04244348758818717
phase3_power_surface,n1000_a0.1_p5,1000,5,100,0.1,0.01,0.0,0.61,0.6266666666666667,0.15578179077872362,0.14584103617001712,0.1666345776423677,0.10900000000000001,300,20260823,0.0,6.244550680339671
phase3_power_surface,n1000_a0.1_p5,1000,5,100,0.1,0.02,0.0,0.9666666666666667,0.9666666666666667,0.19154401104014554,0.17794071332758699,0.20435414553387785,0.11800000000000001,300,20260823,0.0,8.682214905694135
phase3_power_surface,n1000_a0.1_p5,1000,5,100,0.1,0.04,0.0,1.0,1.0,0.2580558605974558,0.24379725123482116,0.27369860033242527,0.136,300,20260823,0.0,12.044528715266912
phase3_power_surface,n1000_a0.1_p5,1000,5,100,0.1,0.07,0.0,1.0,1.0,0.34831096287961316,0.33307885327651243,0.36556778934500045,0.16300000000000003,300,20260823,0.0,15.337882973084755
phase3_power_surface,n1000_a0.1_p5,1000,5,100,0.1,0.1,0.0,1.0,1.0,0.4273627380847063,0.409906396345589,0.44150162066819726,0.19,300,20260823,0.0,17.583092617876904
phase3_power_surface,n1000_a0.1_p5,1000,5,100,0.1,0.15,0.0,1.0,1.0,0.5249269265183715,0.5096946415419755,0.5396571042897181,0.23500000000000001,300,20260823,0.46,19.446998510933987
phase3_power_surface,n1000_a0.1_p5,1000,5,100,0.1,0.22,0.0,1.0,1.0,0.6278098639336926,0.6151068436649246,0.6426545600782063,0.29800000000000004,300,20260823,1.0,20.95999618810675
phase3_power_surface,n1000_a0.1_p5,1000,5,100,0.1,0.32,0.0,1.0,1.0,0.7321726759109737,0.720968958795795,0.7429719828917186,0.388,300,20260823,1.0,22.20161530092779
phase3_power_surface,n1000_a0.1_p5,1000,5,100,0.1,0.45,0.0,1.0,1.0,0.8237247143929884,0.8155984054603058,0.8303796429074624,0.505,300,20260823,1.0,23.119029767484633
phase3_power_surface,n1000_a0.1_p5,1000,5,100,0.1,0.62,0.0,1.0,1.0,0.9015079145130764,0.8973905406097578,0.90618652865173,0.658,300,20260823,1.0,23.694952847961872
phase3_power_surface,n1000_a0.1_p5,1000,5,100,0.1,0.8,0.0,1.0,1.0,0.9571831307415777,0.9553639179802448,0.9589405846536088,0.8200000000000001,300,20260823,1.0,24.166157978362833
phase3_power_surface,n1000_a0.1_p5,1000,5,100,0.1,0.93,0.0,1.0,1.0,0.9867496865202279,0.9861950452845566,0.9873826408773689,0.937,300,20260823,1.0,24.471996723490307
phase3_power_surface,n1000_a0.5_p1,1000,1,500,0.5,0.01,0.0,0.09333333333333334,0.08333333333333333,0.5063706301105977,0.4906348686105464,0.5205987988562504,0.505,300,20260823,0.0,0.07716787651335577
phase3_power_surface,n1000_a0.5_p1,1000,1,500,0.5,0.02,0.0,0.1,0.07666666666666666,0.5075647416110685,0.492433896291236,0.5237145263186146,0.51,300,20260823,0.0,0.1371323038204194
phase3_power_surface,n1000_a0.5_p1,1000,1,500,0.5,0.04,0.0,0.2,0.17,0.5197461877653596,0.5082432119849543,0.5333773984169299,0.52,300,20260823,0.0,0.014310639466203062
phase3_power_surface,n1000_a0.5_p1,1000,1,500,0.5,0.07,0.0,0.5033333333333333,0.4533333333333333,0.5368290984739716,0.5185285152744358,0.5514217844562266,0.535,300,20260823,0.0,0.10350085729666969
phase3_power_surface,n1000_a0.5_p1,1000,1,500,0.5,0.1,0.0,0.73,0.6766666666666666,0.5488525355921969,0.5342327359537073,0.5640689413978452,0.55,300,20260823,0.0,0.06523249637743733
phase3_power_surface,n1000_a0.5_p1,1000,1,500,0.5,0.15,0.0,0.9533333333333334,0.9333333333333333,0.5735503805386214,0.5586611843564098,0.5881966315603719,0.575,300,20260823,0.0,0.08344593769416475
phase3_power_surface,n1000_a0.5_p1,1000,1,500,0.5,0.22,0.0,1.0,1.0,0.610855303476793,0.5944003485969214,0.6222761601591643,0.61,300,20260823,0.0,0.05061717623107054
phase3_power_surface,n1000_a0.5_p1,1000,1,500,0.5,0.32,0.0,1.0,1.0,0.6597257221684673,0.6480977243284965,0.671114428783461,0.66,300,20260823,0.0,0.01719819419558455
phase3_power_surface,n1000_a0.5_p1,1000,1,500,0.5,0.45,0.0,1.0,1.0,0.7230757054270545,0.7109624487703421,0.7347860463814381,0.725,300,20260823,0.0,0.13553828187729344
phase3_power_surface,n1000_a0.5_p1,1000,1,500,0.5,0.62,0.0,1.0,1.0,0.8105072581227308,0.8018538890585264,0.8197892037214792,0.81,300,20260823,0.0,0.046433842377254564
phase3_power_surface,n1000_a0.5_p1,1000,1,500,0.5,0.8,0.0,1.0,1.0,0.8999078512024581,0.8955779936576057,0.904468869128916,0.9,300,20260823,0.09333333333333334,0.014403539754027861
phase3_power_surface,n1000_a0.5_p1,1000,1,500,0.5,0.93,0.0,1.0,1.0,0.9648618043959855,0.9628827756841079,0.9668023374676279,0.9650000000000001,300,20260823,1.0,0.05747431794529234
phase3_power_surface,n1000_a0.5_p5,1000,5,500,0.5,0.01,0.0,0.06,0.06,0.5574237954791426,0.547259954817298,0.5685848658731623,0.505,300,20260823,0.0,4.262602804368172
phase3_power_surface,n1000_a0.5_p5,1000,5,500,0.5,0.02,0.0,0.30666666666666664,0.31,0.569435730080173,0.5582995623656709,0.5824809367770091,0.51,300,20260823,0.0,4.8458491305622236
phase3_power_surface,n1000_a0.5_p5,1000,5,500,0.5,0.04,0.0,0.8366666666666667,0.8366666666666667,0.5964890572895174,0.583578068040578,0.6115823694156248,0.52,300,20260823,0.0,6.2876159235742275
phase3_power_surface,n1000_a0.5_p5,1000,5,500,0.5,0.07,0.0,0.9933333333333333,0.9933333333333333,0.6445213031371644,0.6306485851852592,0.6556721687419071,0.535,300,20260823,0.0,9.200632643566315
phase3_power_surface,n1000_a0.5_p5,1000,5,500,0.5,0.1,0.0,1.0,1.0,0.6837709036001587,0.6716844575064936,0.6946730936728766,0.55,300,20260823,0.0,11.54061811432344
phase3_power_surface,n1000_a0.5_p5,1000,5,500,0.5,0.15,0.0,1.0,1.0,0.7380709338010636,0.7277991142129538,0.7495612210914806,0.575,300,20260823,0.0,14.842069434930968
phase3_power_surface,n1000_a0.5_p5,1000,5,500,0.5,0.22,0.0,1.0,1.0,0.7933284937743816,0.7858423020315943,0.8027070707674212,0.61,300,20260823,0.0,18.161912781307798
phase3_power_surface,n1000_a0.5_p5,1000,5,500,0.5,0.32,0.0,1.0,1.0,0.8537786922232034,0.8464020382793768,0.8602067357747667,0.66,300,20260823,0.0,22.277841608987377
phase3_power_surface,n1000_a0.5_p5,1000,5,500,0.5,0.45,0.0,1.0,1.0,0.9026816608541512,0.8972562882490438,0.9074096522388648,0.725,300,20260823,0.17333333333333334,25.44831478435464
phase3_power_surface,n1000_a0.5_p5,1000,5,500,0.5,0.62,0.0,1.0,1.0,0.9459335201974339,0.9428703144964341,0.9482596534542119,0.81,300,20260823,1.0,28.56296158205286
phase3_power_surface,n1000_a0.5_p5,1000,5,500,0.5,0.8,0.0,1.0,1.0,0.9762883982348574,0.975045817649199,0.977670088882244,0.9,300,20260823,1.0,30.760313117857216
phase3_power_surface,n1000_a0.5_p5,1000,5,500,0.5,0.93,0.0,1.0,1.0,0.9926843938527659,0.9922767261816128,0.9930325901556097,0.9650000000000001,300,20260823,1.0,32.23815411394061
phase3_power_surface,n1000_a0.9_p1,1000,1,899,0.9,0.01,0.0,0.06333333333333334,0.06333333333333334,0.9008173200224836,0.8937331553744534,0.9097543531299314,0.901,300,20260823,0.0,0.020108145571708924
phase3_power_surface,n1000_a0.9_p1,1000,1,899,0.9,0.02,0.0,0.09333333333333334,0.09666666666666666,0.9026852532588507,0.8930285389616287,0.9113990860240189,0.902,300,20260823,0.0,0.07641412238100753
phase3_power_surface,n1000_a0.9_p1,1000,1,899,0.9,0.04,0.0,0.11666666666666667,0.11666666666666667,0.905152510347862,0.896390189234275,0.9138517100088298,0.904,300,20260823,0.0,0.13120349326565084
phase3_power_surface,n1000_a0.9_p1,1000,1,899,0.9,0.07,0.0,0.11,0.11666666666666667,0.9071058019024316,0.8988333884294739,0.9144543473510468,0.907,300,20260823,0.0,0.012331686807085074
phase3_power_surface,n1000_a0.9_p1,1000,1,899,0.9,0.1,0.0,0.19333333333333333,0.19666666666666666,0.9111083531271147,0.9015522478095055,0.9180318899150002,0.91,300,20260823,0.0,0.13372566971459643
phase3_power_surface,n1000_a0.9_p1,1000,1,899,0.9,0.15,0.0,0.3333333333333333,0.3333333333333333,0.9162135578650017,0.9089988545765455,0.9223825163788942,0.915,300,20260823,0.0,0.15432923639802115
phase3_power_surface,n1000_a0.9_p1,1000,1,899,0.9,0.22,0.0,0.61,0.6133333333333333,0.9225150071265017,0.915836880744993,0.9289819680153993,0.922,300,20260823,0.0,0.07058321686412827
phase3_power_surface,n1000_a0.9_p1,1000,1,899,0.9,0.32,0.0,0.8733333333333333,0.8766666666666667,0.9317488738501379,0.9248819334553915,0.9376527460987489,0.932,300,20260823,0.0,0.03887069596959858
phase3_power_surface,n1000_a0.9_p1,1000,1,899,0.9,0.45,0.0,0.9966666666666667,0.9966666666666667,0.9451166870467496,0.93964191359565,0.9501405276335442,0.9450000000000001,300,20260823,0.0,0.02208309068703862
phase3_power_surface,n1000_a0.9_p1,1000,1,899,0.9,0.62,0.0,1.0,1.0,0.9621989783967135,0.9586595270804777,0.9666226377849663,0.962,300,20260823,0.0,0.05362153754525778
phase3_power_surface,n1000_a0.9_p1,1000,1,899,0.9,0.8,0.0,1.0,1.0,0.979959731621241,0.9782945487159089,0.9817541746487333,0.98,300,20260823,0.0,0.020168684594461084
phase3_power_surface,n1000_a0.9_p1,1000,1,899,0.9,0.93,0.0,1.0,1.0,0.9930933541603949,0.9922640288864856,0.9938268894429764,0.993,300,20260823,1.0,0.13285426997487093
phase3_power_surface,n1000_a0.9_p5,1000,5,899,0.9,0.01,0.0,0.07666666666666666,0.09666666666666666,0.9302117674231188,0.9254650380568965,0.9357677342414104,0.901,300,20260823,0.0,5.149786024630155
phase3_power_surface,n1000_a0.9_p5,1000,5,899,0.9,0.02,0.0,0.09333333333333334,0.09333333333333334,0.9309643775801333,0.9261222469147948,0.9360973644997248,0.902,300,20260823,0.0,5.155048116048493
phase3_power_surface,n1000_a0.9_p5,1000,5,899,0.9,0.04,0.0,0.15333333333333332,0.17,0.9338272844545307,0.9286569901843365,0.9384900587540245,0.904,300,20260823,0.0,5.459946944152995
phase3_power_surface,n1000_a0.9_p5,1000,5,899,0.9,0.07,0.0,0.37666666666666665,0.39,0.9382458291557227,0.9331678948653506,0.9430011348787114,0.907,300,20260823,0.0,5.983148591453938
phase3_power_surface,n1000_a0.9_p5,1000,5,899,0.9,0.1,0.0,0.6033333333333334,0.6266666666666667,0.9432463264323595,0.9381447858546097,0.9479854448270049,0.91,300,20260823,0.0,6.707439160514348
phase3_power_surface,n1000_a0.9_p5,1000,5,899,0.9,0.15,0.0,0.9233333333333333,0.93,0.9510835844762583,0.9463226798770006,0.9555091238483382,0.915,300,20260823,0.0,7.979413069789725
phase3_power_surface,n1000_a0.9_p5,1000,5,899,0.9,0.22,0.0,1.0,1.0,0.9621934561945359,0.9579247398101659,0.965550369295521,0.922,300,20260823,0.0,10.350508573836638
phase3_power_surface,n1000_a0.9_p5,1000,5,899,0.9,0.32,0.0,1.0,1.0,0.9720161438320438,0.9692817368528525,0.9746395573306481,0.932,300,20260823,0.0,12.550760964227603
phase3_power_surface,n1000_a0.9_p5,1000,5,899,0.9,0.45,0.0,1.0,1.0,0.9816028717200922,0.9794543703270047,0.983295773644324,0.9450000000000001,300,20260823,0.0,15.293555106939836
phase3_power_surface,n1000_a0.9_p5,1000,5,899,0.9,0.62,0.0,1.0,1.0,0.9895682571611495,0.9886048681993476,0.9906125970133026,0.962,300,20260823,0.6833333333333333,17.828847414018718
phase3_power_surface,n1000_a0.9_p5,1000,5,899,0.9,0.8,0.0,1.0,1.0,0.995559528507657,0.9950980265484609,0.9959581987486568,0.98,300,20260823,1.0,20.52461920855421
phase3_power_surface,n1000_a0.9_p5,1000,5,899,0.9,0.93,0.0,1.0,1.0,0.998586479182906,0.9984228605126468,0.9987178795716305,0.993,300,20260823,1.0,21.667951566771414
phase3_power_surface,n1000_a0.5_p25_R2,1000,25,500,0.5,0.01,0.0,0.3233333333333333,0.32,0.6567945943463707,0.6492762375825085,0.6660341213664414,0.505,300,20260823,0.0,16.591354976735232
phase3_power_surface,n1000_a0.5_p25_R2,1000,25,500,0.5,0.02,0.0,0.99,0.99,0.701700648200843,0.6890830383245279,0.7136237043288751,0.51,300,20260823,0.0,21.506779499503338
phase3_power_surface,n1000_a0.5_p25_R2,1000,25,500,0.5,0.04,0.0,1.0,1.0,0.7737169971068429,0.7632166484949517,0.7830995205658775,0.52,300,20260823,0.0,30.31552109075683
phase3_power_surface,n1000_a0.5_p25_R2,1000,25,500,0.5,0.07,0.0,1.0,1.0,0.8365352449567259,0.8297868842096385,0.843686744786497,0.535,300,20260823,0.0,39.3640671252633
phase3_power_surface,n1000_a0.5_p25_R2,1000,25,500,0.5,0.1,0.0,1.0,1.0,0.8758229202672319,0.8687874510046074,0.8822462550514818,0.55,300,20260823,0.0,46.230765132868164
phase3_power_surface,n1000_a0.5_p25_R2,1000,25,500,0.5,0.15,0.0,1.0,1.0,0.9122930791186021,0.9078258967773934,0.9170003810896941,0.575,300,20260823,0.7,53.797795854406914
phase3_power_surface,n1000_a0.5_p25_R2,1000,25,500,0.5,0.22,0.0,1.0,1.0,0.9414504930132301,0.9378694148125768,0.9441944698543538,0.61,300,20260823,1.0,61.461421151378836
phase3_power_surface,n1000_a0.5_p25_R2,1000,25,500,0.5,0.32,0.0,1.0,1.0,0.9627725224088317,0.9606033490603278,0.9646307340253029,0.66,300,20260823,1.0,68.29900654671575
phase3_power_surface,n1000_a0.5_p25_R2,1000,25,500,0.5,0.45,0.0,1.0,1.0,0.9778553837114545,0.9766742226451911,0.9789412346628718,0.725,300,20260823,1.0,74.33614669175196
phase3_power_surface,n1000_a0.5_p25_R2,1000,25,500,0.5,0.62,0.0,1.0,1.0,0.9885182165852164,0.9879566313342143,0.9891031237105226,0.81,300,20260823,1.0,79.27018855595165
phase3_power_surface,n1000_a0.5_p25_R2,1000,25,500,0.5,0.8,0.0,1.0,1.0,0.9952737941081173,0.995032634490689,0.9955187339702732,0.9,300,20260823,1.0,83.15361168764497
phase3_power_surface,n1000_a0.5_p25_R2,1000,25,500,0.5,0.93,0.0,1.0,1.0,0.9985585363501075,0.9984869376971828,0.9986436148739404,0.9650000000000001,300,20260823,1.0,85.03163869776049
