experiment,cell_id,n,p,q,alpha,cv_method,correction,rejects,B,seed
phase3_size_grid,n250_a0.1_p1,250,1,25,0.1,exact_jacobi,johnstone2009,1039,20000,20260823
phase3_size_grid,n250_a0.1_p1,250,1,25,0.1,tw,johnstone2009,926,20000,20260823
phase3_size_grid,n250_a0.1_p1,250,1,25,0.1,naive_chi2,none,847,20000,20260823
phase3_size_grid,n250_a0.1_p2,250,2,25,0.1,exact_jacobi,johnstone2009,1137,20000,20260823
phase3_size_grid,n250_a0.1_p2,250,2,25,0.1,tw,johnstone2009,986,20000,20260823
phase3_size_grid,n250_a0.1_p2,250,2,25,0.1,naive_chi2,none,3051,20000,20260823
phase3_size_grid,n250_a0.1_p5,250,5,25,0.1,exact_jacobi,johnstone2009,990,20000,20260823
phase3_size_grid,n250_a0.1_p5,250,5,25,0.1,tw,johnstone2009,1006,20000,20260823
phase3_size_grid,n250_a0.1_p5,250,5,25,0.1,naive_chi2,none,14759,20000,20260823
phase3_size_grid,n250_a0.3_p1,250,1,75,0.3,exact_jacobi,johnstone2009,1099,20000,20260823
phase3_size_grid,n250_a0.3_p1,250,1,75,0.3,tw,johnstone2009,849,20000,20260823
phase3_size_grid,n250_a0.3_p1,250,1,75,0.3,naive_chi2,none,488,20000,20260823
phase3_size_grid,n250_a0.3_p2,250,2,75,0.3,exact_jacobi,johnstone2009,1199,20000,20260823
phase3_size_grid,n250_a0.3_p2,250,2,75,0.3,tw,johnstone2009,931,20000,20260823
phase3_size_grid,n250_a0.3_p2,250,2,75,0.3,naive_chi2,none,2042,20000,20260823
phase3_size_grid,n250_a0.3_p5,250,5,75,0.3,exact_jacobi,johnstone2009,1326,20000,20260823
phase3_size_grid,n250_a0.3_p5,250,5,75,0.3,tw,johnstone2009,1014,20000,20260823
phase3_size_grid,n250_a0.3_p5,250,5,75,0.3,naive_chi2,none,13313,20000,20260823
phase3_size_grid,n250_a0.5_p1,250,1,124,0.5,exact_jacobi,johnstone2009,1037,20000,20260823
phase3_size_grid,n250_a0.5_p1,250,1,124,0.5,tw,johnstone2009,800,20000,20260823
phase3_size_grid,n250_a0.5_p1,250,1,124,0.5,naive_chi2,none,174,20000,20260823
phase3_size_grid,n250_a0.5_p2,250,2,124,0.5,exact_jacobi,johnstone2009,1094,20000,20260823
phase3_size_grid,n250_a0.5_p2,250,2,124,0.5,tw,johnstone2009,935,20000,20260823
phase3_size_grid,n250_a0.5_p2,250,2,124,0.5,naive_chi2,none,820,20000,20260823
phase3_size_grid,n250_a0.5_p5,250,5,124,0.5,exact_jacobi,johnstone2009,1088,20000,20260823
phase3_size_grid,n250_a0.5_p5,250,5,124,0.5,tw,johnstone2009,1063,20000,20260823
phase3_size_grid,n250_a0.5_p5,250,5,124,0.5,naive_chi2,none,9051,20000,20260823
phase3_size_grid,n250_a0.7_p1,250,1,174,0.7,exact_jacobi,johnstone2009,1155,20000,20260823
phase3_size_grid,n250_a0.7_p1,250,1,174,0.7,tw,johnstone2009,956,20000,20260823
phase3_size_grid,n250_a0.7_p1,250,1,174,0.7,naive_chi2,none,10,20000,20260823
phase3_size_grid,n250_a0.7_p2,250,2,174,0.7,exact_jacobi,johnstone2009,1259,20000,20260823
phase3_size_grid,n250_a0.7_p2,250,2,174,0.7,tw,johnstone2009,1112,20000,20260823
phase3_size_grid,n250_a0.7_p2,250,2,174,0.7,naive_chi2,none,53,20000,20260823
phase3_size_grid,n250_a0.7_p5,250,5,174,0.7,exact_jacobi,johnstone2009,1417,20000,20260823
phase3_size_grid,n250_a0.7_p5,250,5,174,0.7,tw,johnstone2009,1300,20000,20260823
phase3_size_grid,n250_a0.7_p5,250,5,174,0.7,naive_chi2,none,1880,20000,20260823
phase3_size_grid,n250_a0.9_p1,250,1,224,0.9,exact_jacobi,johnstone2009,1295,20000,20260823
phase3_size_grid,n250_a0.9_p1,250,1,224,0.9,tw,johnstone2009,1360,20000,20260823
phase3_size_grid,n250_a0.9_p1,250,1,224,0.9,naive_chi2,none,0,20000,20260823
phase3_size_grid,n250_a0.9_p2,250,2,224,0.9,exact_jacobi,johnstone2009,1433,20000,20260823
phase3_size_grid,n250_a0.9_p2,250,2,224,0.9,tw,johnstone2009,1669,20000,20260823
phase3_size_grid,n250_a0.9_p2,250,2,224,0.9,naive_chi2,none,0,20000,20260823
phase3_size_grid,n250_a0.9_p5,250,5,224,0.9,exact_jacobi,johnstone2009,1498,20000,20260823
phase3_size_grid,n250_a0.9_p5,250,5,224,0.9,tw,johnstone2009,1944,20000,20260823
phase3_size_grid,n250_a0.9_p5,250,5,224,0.9,naive_chi2,none,0,20000,20260823
phase3_size_grid,n500_a0.1_p1,500,1,50,0.1,exact_jacobi,johnstone2009,983,20000,20260823
phase3_size_grid,n500_a0.1_p1,500,1,50,0.1,tw,johnstone2009,912,20000,20260823
phase3_size_grid,n500_a0.1_p1,500,1,50,0.1,naive_chi2,none,815,20000,20260823
phase3_size_grid,n500_a0.1_p2,500,2,50,0.1,exact_jacobi,johnstone2009,1041,20000,20260823
phase3_size_grid,n500_a0.1_p2,500,2,50,0.1,tw,johnstone2009,943,20000,20260823
phase3_size_grid,n500_a0.1_p2,500,2,50,0.1,naive_chi2,none,3001,20000,20260823
phase3_size_grid,n500_a0.1_p5,500,5,50,0.1,exact_jacobi,johnstone2009,1108,20000,20260823
phase3_size_grid,n500_a0.1_p5,500,5,50,0.1,tw,johnstone2009,1078,20000,20260823
phase3_size_grid,n500_a0.1_p5,500,5,50,0.1,naive_chi2,none,15016,20000,20260823
phase3_size_grid,n500_a0.3_p1,500,1,150,0.3,exact_jacobi,johnstone2009,1017,20000,20260823
phase3_size_grid,n500_a0.3_p1,500,1,150,0.3,tw,johnstone2009,788,20000,20260823
phase3_size_grid,n500_a0.3_p1,500,1,150,0.3,naive_chi2,none,480,20000,20260823
phase3_size_grid,n500_a0.3_p2,500,2,150,0.3,exact_jacobi,johnstone2009,1076,20000,20260823
phase3_size_grid,n500_a0.3_p2,500,2,150,0.3,tw,johnstone2009,917,20000,20260823
phase3_size_grid,n500_a0.3_p2,500,2,150,0.3,naive_chi2,none,2017,20000,20260823
phase3_size_grid,n500_a0.3_p5,500,5,150,0.3,exact_jacobi,johnstone2009,928,20000,20260823
phase3_size_grid,n500_a0.3_p5,500,5,150,0.3,tw,johnstone2009,951,20000,20260823
phase3_size_grid,n500_a0.3_p5,500,5,150,0.3,naive_chi2,none,13295,20000,20260823
phase3_size_grid,n500_a0.5_p1,500,1,250,0.5,exact_jacobi,johnstone2009,1071,20000,20260823
phase3_size_grid,n500_a0.5_p1,500,1,250,0.5,tw,johnstone2009,817,20000,20260823
phase3_size_grid,n500_a0.5_p1,500,1,250,0.5,naive_chi2,none,204,20000,20260823
phase3_size_grid,n500_a0.5_p2,500,2,250,0.5,exact_jacobi,johnstone2009,1059,20000,20260823
phase3_size_grid,n500_a0.5_p2,500,2,250,0.5,tw,johnstone2009,925,20000,20260823
phase3_size_grid,n500_a0.5_p2,500,2,250,0.5,naive_chi2,none,877,20000,20260823
phase3_size_grid,n500_a0.5_p5,500,5,250,0.5,exact_jacobi,johnstone2009,1134,20000,20260823
phase3_size_grid,n500_a0.5_p5,500,5,250,0.5,tw,johnstone2009,1044,20000,20260823
phase3_size_grid,n500_a0.5_p5,500,5,250,0.5,naive_chi2,none,9056,20000,20260823
phase3_size_grid,n500_a0.7_p1,500,1,349,0.7,exact_jacobi,johnstone2009,1096,20000,20260823
phase3_size_grid,n500_a0.7_p1,500,1,349,0.7,tw,johnstone2009,920,20000,20260823
phase3_size_grid,n500_a0.7_p1,500,1,349,0.7,naive_chi2,none,11,20000,20260823
phase3_size_grid,n500_a0.7_p2,500,2,349,0.7,exact_jacobi,johnstone2009,1200,20000,20260823
phase3_size_grid,n500_a0.7_p2,500,2,349,0.7,tw,johnstone2009,1004,20000,20260823
phase3_size_grid,n500_a0.7_p2,500,2,349,0.7,naive_chi2,none,85,20000,20260823
phase3_size_grid,n500_a0.7_p5,500,5,349,0.7,exact_jacobi,johnstone2009,1350,20000,20260823
phase3_size_grid,n500_a0.7_p5,500,5,349,0.7,tw,johnstone2009,1155,20000,20260823
phase3_size_grid,n500_a0.7_p5,500,5,349,0.7,naive_chi2,none,2284,20000,20260823
phase3_size_grid,n500_a0.9_p1,500,1,449,0.9,exact_jacobi,johnstone2009,1243,20000,20260823
phase3_size_grid,n500_a0.9_p1,500,1,449,0.9,tw,johnstone2009,1282,20000,20260823
phase3_size_grid,n500_a0.9_p1,500,1,449,0.9,naive_chi2,none,0,20000,20260823
phase3_size_grid,n500_a0.9_p2,500,2,449,0.9,exact_jacobi,johnstone2009,1391,20000,20260823
phase3_size_grid,n500_a0.9_p2,500,2,449,0.9,tw,johnstone2009,1442,20000,20260823
phase3_size_grid,n500_a0.9_p2,500,2,449,0.9,naive_chi2,none,0,20000,20260823
phase3_size_grid,n500_a0.9_p5,500,5,449,0.9,exact_jacobi,johnstone2009,1271,20000,20260823
phase3_size_grid,n500_a0.9_p5,500,5,449,0.9,tw,johnstone2009,1658,20000,20260823
phase3_size_grid,n500_a0.9_p5,500,5,449,0.9,naive_chi2,none,0,20000,20260823
phase3_size_grid,n1000_a0.1_p1,1000,1,100,0.1,exact_jacobi,johnstone2009,1066,20000,20260823
phase3_size_grid,n1000_a0.1_p1,1000,1,100,0.1,tw,johnstone2009,999,20000,20260823
phase3_size_grid,n1000_a0.1_p1,1000,1,100,0.1,naive_chi2,none,876,20000,20260823
phase3_size_grid,n1000_a0.1_p2,1000,2,100,0.1,exact_jacobi,johnstone2009,1087,20000,20260823
phase3_size_grid,n1000_a0.1_p2,1000,2,100,0.1,tw,johnstone2009,1051,20000,20260823
phase3_size_grid,n1000_a0.1_p2,1000,2,100,0.1,naive_chi2,none,3160,20000,20260823
phase3_size_grid,n1000_a0.1_p5,1000,5,100,0.1,exact_jacobi,johnstone2009,921,20000,20260823
phase3_size_grid,n1000_a0.1_p5,1000,5,100,0.1,tw,johnstone2009,1029,20000,20260823
phase3_size_grid,n1000_a0.1_p5,1000,5,100,0.1,naive_chi2,none,15237,20000,20260823
phase3_size_grid,n1000_a0.1_p25,1000,25,100,0.1,exact_jacobi,johnstone2009,1130,20000,20260823
phase3_size_grid,n1000_a0.1_p25,1000,25,100,0.1,tw,johnstone2009,1074,20000,20260823
phase3_size_grid,n1000_a0.1_p25,1000,25,100,0.1,naive_chi2,none,20000,20000,20260823
phase3_size_grid,n1000_a0.1_p100,1000,100,100,0.1,exact_jacobi,johnstone2009,1102,20000,20260823
phase3_size_grid,n1000_a0.1_p100,1000,100,100,0.1,tw,johnstone2009,1036,20000,20260823
phase3_size_grid,n1000_a0.1_p100,1000,100,100,0.1,naive_chi2,none,20000,20000,20260823
phase3_size_grid,n1000_a0.3_p1,1000,1,300,0.3,exact_jacobi,johnstone2009,1025,20000,20260823
phase3_size_grid,n1000_a0.3_p1,1000,1,300,0.3,tw,johnstone2009,789,20000,20260823
phase3_size_grid,n1000_a0.3_p1,1000,1,300,0.3,naive_chi2,none,466,20000,20260823
phase3_size_grid,n1000_a0.3_p2,1000,2,300,0.3,exact_jacobi,johnstone2009,1142,20000,20260823
phase3_size_grid,n1000_a0.3_p2,1000,2,300,0.3,tw,johnstone2009,966,20000,20260823
phase3_size_grid,n1000_a0.3_p2,1000,2,300,0.3,naive_chi2,none,2114,20000,20260823
phase3_size_grid,n1000_a0.3_p5,1000,5,300,0.3,exact_jacobi,johnstone2009,1094,20000,20260823
phase3_size_grid,n1000_a0.3_p5,1000,5,300,0.3,tw,johnstone2009,947,20000,20260823
phase3_size_grid,n1000_a0.3_p5,1000,5,300,0.3,naive_chi2,none,13296,20000,20260823
phase3_size_grid,n1000_a0.3_p25,1000,25,300,0.3,exact_jacobi,johnstone2009,1137,20000,20260823
phase3_size_grid,n1000_a0.3_p25,1000,25,300,0.3,tw,johnstone2009,994,20000,20260823
phase3_size_grid,n1000_a0.3_p25,1000,25,300,0.3,naive_chi2,none,20000,20000,20260823
phase3_size_grid,n1000_a0.3_p100,1000,100,300,0.3,exact_jacobi,johnstone2009,1185,20000,20260823
phase3_size_grid,n1000_a0.3_p100,1000,100,300,0.3,tw,johnstone2009,1106,20000,20260823
phase3_size_grid,n1000_a0.3_p100,1000,100,300,0.3,naive_chi2,none,20000,20000,20260823
phase3_size_grid,n1000_a0.5_p1,1000,1,500,0.5,exact_jacobi,johnstone2009,1046,20000,20260823
phase3_size_grid,n1000_a0.5_p1,1000,1,500,0.5,tw,johnstone2009,799,20000,20260823
phase3_size_grid,n1000_a0.5_p1,1000,1,500,0.5,naive_chi2,none,180,20000,20260823
phase3_size_grid,n1000_a0.5_p2,1000,2,500,0.5,exact_jacobi,johnstone2009,1008,20000,20260823
phase3_size_grid,n1000_a0.5_p2,1000,2,500,0.5,tw,johnstone2009,880,20000,20260823
phase3_size_grid,n1000_a0.5_p2,1000,2,500,0.5,naive_chi2,none,879,20000,20260823
phase3_size_grid,n1000_a0.5_p5,1000,5,500,0.5,exact_jacobi,johnstone2009,1098,20000,20260823
phase3_size_grid,n1000_a0.5_p5,1000,5,500,0.5,tw,johnstone2009,943,20000,20260823
phase3_size_grid,n1000_a0.5_p5,1000,5,500,0.5,naive_chi2,none,9214,20000,20260823
phase3_size_grid,n1000_a0.5_p25,1000,25,500,0.5,exact_jacobi,johnstone2009,1146,20000,20260823
phase3_size_grid,n1000_a0.5_p25,1000,25,500,0.5,tw,johnstone2009,1098,20000,20260823
phase3_size_grid,n1000_a0.5_p25,1000,25,500,0.5,naive_chi2,none,20000,20000,20260823
phase3_size_grid,n1000_a0.5_p100,1000,100,500,0.5,exact_jacobi,johnstone2009,957,20000,20260823
phase3_size_grid,n1000_a0.5_p100,1000,100,500,0.5,tw,johnstone2009,1137,20000,20260823
phase3_size_grid,n1000_a0.5_p100,1000,100,500,0.5,naive_chi2,none,20000,20000,20260823
phase3_size_grid,n1000_a0.7_p1,1000,1,699,0.7,exact_jacobi,johnstone2009,1094,20000,20260823
phase3_size_grid,n1000_a0.7_p1,1000,1,699,0.7,tw,johnstone2009,887,20000,20260823
phase3_size_grid,n1000_a0.7_p1,1000,1,699,0.7,naive_chi2,none,21,20000,20260823
phase3_size_grid,n1000_a0.7_p2,1000,2,699,0.7,exact_jacobi,johnstone2009,1166,20000,20260823
phase3_size_grid,n1000_a0.7_p2,1000,2,699,0.7,tw,johnstone2009,938,20000,20260823
phase3_size_grid,n1000_a0.7_p2,1000,2,699,0.7,naive_chi2,none,105,20000,20260823
phase3_size_grid,n1000_a0.7_p5,1000,5,699,0.7,exact_jacobi,johnstone2009,1228,20000,20260823
phase3_size_grid,n1000_a0.7_p5,1000,5,699,0.7,tw,johnstone2009,1121,20000,20260823
phase3_size_grid,n1000_a0.7_p5,1000,5,699,0.7,naive_chi2,none,2703,20000,20260823
phase3_size_grid,n1000_a0.7_p25,1000,25,699,0.7,exact_jacobi,johnstone2009,1133,20000,20260823
phase3_size_grid,n1000_a0.7_p25,1000,25,699,0.7,tw,johnstone2009,1270,20000,20260823
phase3_size_grid,n1000_a0.7_p25,1000,25,699,0.7,naive_chi2,none,20000,20000,20260823
phase3_size_grid,n1000_a0.7_p100,1000,100,699,0.7,exact_jacobi,johnstone2009,1267,20000,20260823
phase3_size_grid,n1000_a0.7_p100,1000,100,699,0.7,tw,johnstone2009,1582,20000,20260823
phase3_size_grid,n1000_a0.7_p100,1000,100,699,0.7,naive_chi2,none,20000,20000,20260823
phase3_size_grid,n1000_a0.9_p1,1000,1,899,0.9,exact_jacobi,johnstone2009,1163,20000,20260823
phase3_size_grid,n1000_a0.9_p1,1000,1,899,0.9,tw,johnstone2009,1190,20000,20260823
phase3_size_grid,n1000_a0.9_p1,1000,1,899,0.9,naive_chi2,none,0,20000,20260823
phase3_size_grid,n1000_a0.9_p2,1000,2,899,0.9,exact_jacobi,johnstone2009,1217,20000,20260823
phase3_size_grid,n1000_a0.9_p2,1000,2,899,0.9,tw,johnstone2009,1312,20000,20260823
phase3_size_grid,n1000_a0.9_p2,1000,2,899,0.9,naive_chi2,none,0,20000,20260823
phase3_size_grid,n1000_a0.9_p5,1000,5,899,0.9,exact_jacobi,johnstone2009,1087,20000,20260823
phase3_size_grid,n1000_a0.9_p5,1000,5,899,0.9,tw,johnstone2009,1432,20000,20260823
phase3_size_grid,n1000_a0.9_p5,1000,5,899,0.9,naive_chi2,none,0,20000,20260823
phase3_size_grid,n1000_a0.9_p25,1000,25,899,0.9,exact_jacobi,johnstone2009,1448,20000,20260823
phase3_size_grid,n1000_a0.9_p25,1000,25,899,0.9,tw,johnstone2009,2024,20000,20260823
phase3_size_grid,n1000_a0.9_p25,1000,25,899,0.9,naive_chi2,none,10693,20000,20260823
phase3_size_grid,n1000_a0.9_p100,1000,100,899,0.9,exact_jacobi,johnstone2009,5921,20000,20260823
phase3_size_grid,n1000_a0.9_p100,1000,100,899,0.9,tw,johnstone2009,8461,20000,20260823
phase3_size_grid,n1000_a0.9_p100,1000,100,899,0.9,naive_chi2,none,20000,20000,20260823
phase3_size_grid,n2000_a0.1_p1,2000,1,200,0.1,exact_jacobi,johnstone2009,1000,20000,20260823
phase3_size_grid,n2000_a0.1_p1,2000,1,200,0.1,tw,johnstone2009,937,20000,20260823
phase3_size_grid,n2000_a0.1_p1,2000,1,200,0.1,naive_chi2,none,809,20000,20260823
phase3_size_grid,n2000_a0.1_p2,2000,2,200,0.1,exact_jacobi,johnstone2009,1004,20000,20260823
phase3_size_grid,n2000_a0.1_p2,2000,2,200,0.1,tw,johnstone2009,1011,20000,20260823
phase3_size_grid,n2000_a0.1_p2,2000,2,200,0.1,naive_chi2,none,3060,20000,20260823
phase3_size_grid,n2000_a0.1_p5,2000,5,200,0.1,exact_jacobi,johnstone2009,964,20000,20260823
phase3_size_grid,n2000_a0.1_p5,2000,5,200,0.1,tw,johnstone2009,1025,20000,20260823
phase3_size_grid,n2000_a0.1_p5,2000,5,200,0.1,naive_chi2,none,15320,20000,20260823
phase3_size_grid,n2000_a0.1_p25,2000,25,200,0.1,exact_jacobi,johnstone2009,937,20000,20260823
phase3_size_grid,n2000_a0.1_p25,2000,25,200,0.1,tw,johnstone2009,1129,20000,20260823
phase3_size_grid,n2000_a0.1_p25,2000,25,200,0.1,naive_chi2,none,20000,20000,20260823
phase3_size_grid,n2000_a0.1_p100,2000,100,200,0.1,exact_jacobi,johnstone2009,1129,20000,20260823
phase3_size_grid,n2000_a0.1_p100,2000,100,200,0.1,tw,johnstone2009,1070,20000,20260823
phase3_size_grid,n2000_a0.1_p100,2000,100,200,0.1,naive_chi2,none,20000,20000,20260823
phase3_size_grid,n2000_a0.3_p1,2000,1,600,0.3,exact_jacobi,johnstone2009,993,20000,20260823
phase3_size_grid,n2000_a0.3_p1,2000,1,600,0.3,tw,johnstone2009,778,20000,20260823
phase3_size_grid,n2000_a0.3_p1,2000,1,600,0.3,naive_chi2,none,490,20000,20260823
phase3_size_grid,n2000_a0.3_p2,2000,2,600,0.3,exact_jacobi,johnstone2009,1027,20000,20260823
phase3_size_grid,n2000_a0.3_p2,2000,2,600,0.3,tw,johnstone2009,899,20000,20260823
phase3_size_grid,n2000_a0.3_p2,2000,2,600,0.3,naive_chi2,none,2023,20000,20260823
phase3_size_grid,n2000_a0.3_p5,2000,5,600,0.3,exact_jacobi,johnstone2009,1084,20000,20260823
phase3_size_grid,n2000_a0.3_p5,2000,5,600,0.3,tw,johnstone2009,975,20000,20260823
phase3_size_grid,n2000_a0.3_p5,2000,5,600,0.3,naive_chi2,none,13269,20000,20260823
phase3_size_grid,n2000_a0.3_p25,2000,25,600,0.3,exact_jacobi,johnstone2009,1025,20000,20260823
phase3_size_grid,n2000_a0.3_p25,2000,25,600,0.3,tw,johnstone2009,1052,20000,20260823
phase3_size_grid,n2000_a0.3_p25,2000,25,600,0.3,naive_chi2,none,20000,20000,20260823
phase3_size_grid,n2000_a0.3_p100,2000,100,600,0.3,exact_jacobi,johnstone2009,927,20000,20260823
phase3_size_grid,n2000_a0.3_p100,2000,100,600,0.3,tw,johnstone2009,1042,20000,20260823
phase3_size_grid,n2000_a0.3_p100,2000,100,600,0.3,naive_chi2,none,20000,20000,20260823
phase3_size_grid,n2000_a0.5_p1,2000,1,1000,0.5,exact_jacobi,johnstone2009,1038,20000,20260823
phase3_size_grid,n2000_a0.5_p1,2000,1,1000,0.5,tw,johnstone2009,765,20000,20260823
phase3_size_grid,n2000_a0.5_p1,2000,1,1000,0.5,naive_chi2,none,193,20000,20260823
phase3_size_grid,n2000_a0.5_p2,2000,2,1000,0.5,exact_jacobi,johnstone2009,926,20000,20260823
phase3_size_grid,n2000_a0.5_p2,2000,2,1000,0.5,tw,johnstone2009,819,20000,20260823
phase3_size_grid,n2000_a0.5_p2,2000,2,1000,0.5,naive_chi2,none,854,20000,20260823
phase3_size_grid,n2000_a0.5_p5,2000,5,1000,0.5,exact_jacobi,johnstone2009,1039,20000,20260823
phase3_size_grid,n2000_a0.5_p5,2000,5,1000,0.5,tw,johnstone2009,880,20000,20260823
phase3_size_grid,n2000_a0.5_p5,2000,5,1000,0.5,naive_chi2,none,9246,20000,20260823
phase3_size_grid,n2000_a0.5_p25,2000,25,1000,0.5,exact_jacobi,johnstone2009,1155,20000,20260823
phase3_size_grid,n2000_a0.5_p25,2000,25,1000,0.5,tw,johnstone2009,1083,20000,20260823
phase3_size_grid,n2000_a0.5_p25,2000,25,1000,0.5,naive_chi2,none,20000,20000,20260823
phase3_size_grid,n2000_a0.5_p100,2000,100,1000,0.5,exact_jacobi,johnstone2009,996,20000,20260823
phase3_size_grid,n2000_a0.5_p100,2000,100,1000,0.5,tw,johnstone2009,1106,20000,20260823
phase3_size_grid,n2000_a0.5_p100,2000,100,1000,0.5,naive_chi2,none,20000,20000,20260823
phase3_size_grid,n2000_a0.7_p1,2000,1,1399,0.7,exact_jacobi,johnstone2009,1083,20000,20260823
phase3_size_grid,n2000_a0.7_p1,2000,1,1399,0.7,tw,johnstone2009,866,20000,20260823
phase3_size_grid,n2000_a0.7_p1,2000,1,1399,0.7,naive_chi2,none,18,20000,20260823
phase3_size_grid,n2000_a0.7_p2,2000,2,1399,0.7,exact_jacobi,johnstone2009,1171,20000,20260823
phase3_size_grid,n2000_a0.7_p2,2000,2,1399,0.7,tw,johnstone2009,940,20000,20260823
phase3_size_grid,n2000_a0.7_p2,2000,2,1399,0.7,naive_chi2,none,96,20000,20260823
phase3_size_grid,n2000_a0.7_p5,2000,5,1399,0.7,exact_jacobi,johnstone2009,962,20000,20260823
phase3_size_grid,n2000_a0.7_p5,2000,5,1399,0.7,tw,johnstone2009,1021,20000,20260823
phase3_size_grid,n2000_a0.7_p5,2000,5,1399,0.7,naive_chi2,none,2748,20000,20260823
phase3_size_grid,n2000_a0.7_p25,2000,25,1399,0.7,exact_jacobi,johnstone2009,1224,20000,20260823
phase3_size_grid,n2000_a0.7_p25,2000,25,1399,0.7,tw,johnstone2009,1162,20000,20260823
phase3_size_grid,n2000_a0.7_p25,2000,25,1399,0.7,naive_chi2,none,20000,20000,20260823
phase3_size_grid,n2000_a0.7_p100,2000,100,1399,0.7,exact_jacobi,johnstone2009,1331,20000,20260823
phase3_size_grid,n2000_a0.7_p100,2000,100,1399,0.7,tw,johnstone2009,1398,20000,20260823
phase3_size_grid,n2000_a0.7_p100,2000,100,1399,0.7,naive_chi2,none,20000,20000,20260823
phase3_size_grid,n2000_a0.9_p1,2000,1,1799,0.9,exact_jacobi,johnstone2009,1094,20000,20260823
phase3_size_grid,n2000_a0.9_p1,2000,1,1799,0.9,tw,johnstone2009,1104,20000,20260823
phase3_size_grid,n2000_a0.9_p1,2000,1,1799,0.9,naive_chi2,none,0,20000,20260823
phase3_size_grid,n2000_a0.9_p2,2000,2,1799,0.9,exact_jacobi,johnstone2009,1002,20000,20260823
phase3_size_grid,n2000_a0.9_p2,2000,2,1799,0.9,tw,johnstone2009,1213,20000,20260823
phase3_size_grid,n2000_a0.9_p2,2000,2,1799,0.9,naive_chi2,none,0,20000,20260823
phase3_size_grid,n2000_a0.9_p5,2000,5,1799,0.9,exact_jacobi,johnstone2009,1169,20000,20260823
phase3_size_grid,n2000_a0.9_p5,2000,5,1799,0.9,tw,johnstone2009,1334,20000,20260823
phase3_size_grid,n2000_a0.9_p5,2000,5,1799,0.9,naive_chi2,none,0,20000,20260823
phase3_size_grid,n2000_a0.9_p25,2000,25,1799,0.9,exact_jacobi,johnstone2009,1047,20000,20260823
phase3_size_grid,n2000_a0.9_p25,2000,25,1799,0.9,tw,johnstone2009,1586,20000,20260823
phase3_size_grid,n2000_a0.9_p25,2000,25,1799,0.9,naive_chi2,none,17873,20000,20260823
phase3_size_grid,n2000_a0.9_p100,2000,100,1799,0.9,exact_jacobi,johnstone2009,1423,20000,20260823
phase3_size_grid,n2000_a0.9_p100,2000,100,1799,0.9,tw,johnstone2009,2241,20000,20260823
phase3_size_grid,n2000_a0.9_p100,2000,100,1799,0.9,naive_chi2,none,20000,20000,20260823
