n,alpha,q,kappa,rho,theta,bias_mc,bias_se,bias_formula,rel_gap
500,0.1,50,0.2,0.1961,0.05,0.124891,0.003635,0.128490,-0.0280
500,0.1,50,0.2,0.1961,0.1227,0.078250,0.002927,0.081762,-0.0430
500,0.1,50,0.2,0.1961,0.1955,0.054019,0.002453,0.057175,-0.0552
500,0.1,50,0.2,0.1961,0.2682,0.039296,0.002106,0.042040,-0.0653
500,0.1,50,0.2,0.1961,0.3409,0.029420,0.001833,0.031774,-0.0741
500,0.1,50,0.2,0.1961,0.4136,0.022349,0.001606,0.024353,-0.0823
500,0.1,50,0.2,0.1961,0.4864,0.017039,0.001410,0.018731,-0.0903
500,0.1,50,0.2,0.1961,0.5591,0.012919,0.001234,0.014335,-0.0988
500,0.1,50,0.2,0.1961,0.6318,0.009632,0.001072,0.010800,-0.1081
500,0.1,50,0.2,0.1961,0.7045,0.006953,0.000917,0.007895,-0.1193
500,0.1,50,0.2,0.1961,0.7773,0.004730,0.000763,0.005462,-0.1340
500,0.1,50,0.2,0.1961,0.85,0.002869,0.000603,0.003401,-0.1564
500,0.1,50,0.5,0.4472,0.05,0.288858,0.003392,0.293002,-0.0141
500,0.1,50,0.5,0.4472,0.1227,0.181387,0.002750,0.186447,-0.0271
500,0.1,50,0.5,0.4472,0.1955,0.125516,0.002326,0.130380,-0.0373
500,0.1,50,0.5,0.4472,0.2682,0.091529,0.002015,0.095867,-0.0453
500,0.1,50,0.5,0.4472,0.3409,0.068700,0.001767,0.072456,-0.0518
500,0.1,50,0.5,0.4472,0.4136,0.052330,0.001559,0.055532,-0.0577
500,0.1,50,0.5,0.4472,0.4864,0.040015,0.001376,0.042712,-0.0631
500,0.1,50,0.5,0.4472,0.5591,0.030446,0.001210,0.032689,-0.0686
500,0.1,50,0.5,0.4472,0.6318,0.022795,0.001055,0.024627,-0.0744
500,0.1,50,0.5,0.4472,0.7045,0.016542,0.000906,0.018003,-0.0811
500,0.1,50,0.5,0.4472,0.7773,0.011339,0.000756,0.012456,-0.0897
500,0.1,50,0.5,0.4472,0.85,0.006962,0.000599,0.007755,-0.1023
500,0.1,50,1.0,0.7071,0.05,0.458866,0.002874,0.463277,-0.0095
500,0.1,50,1.0,0.7071,0.1227,0.288353,0.002394,0.294799,-0.0219
500,0.1,50,1.0,0.7071,0.1955,0.199687,0.002083,0.206149,-0.0313
500,0.1,50,1.0,0.7071,0.2682,0.145731,0.001848,0.151579,-0.0386
500,0.1,50,1.0,0.7071,0.3409,0.109472,0.001651,0.114563,-0.0444
500,0.1,50,1.0,0.7071,0.4136,0.083460,0.001478,0.087804,-0.0495
500,0.1,50,1.0,0.7071,0.4864,0.063882,0.001320,0.067534,-0.0541
500,0.1,50,1.0,0.7071,0.5591,0.048659,0.001172,0.051686,-0.0586
500,0.1,50,1.0,0.7071,0.6318,0.036479,0.001030,0.038939,-0.0632
500,0.1,50,1.0,0.7071,0.7045,0.026518,0.000890,0.028465,-0.0684
500,0.1,50,1.0,0.7071,0.7773,0.018219,0.000747,0.019695,-0.0749
500,0.1,50,1.0,0.7071,0.85,0.011228,0.000594,0.012262,-0.0843
500,0.1,50,2.0,0.8944,0.05,0.581779,0.002230,0.586004,-0.0072
500,0.1,50,2.0,0.8944,0.1227,0.365724,0.001981,0.372894,-0.0192
500,0.1,50,2.0,0.8944,0.1955,0.253365,0.001818,0.260760,-0.0284
500,0.1,50,2.0,0.8944,0.2682,0.184977,0.001675,0.191734,-0.0352
500,0.1,50,2.0,0.8944,0.3409,0.139010,0.001537,0.144912,-0.0407
500,0.1,50,2.0,0.8944,0.4136,0.106025,0.001401,0.111065,-0.0454
500,0.1,50,2.0,0.8944,0.4864,0.081191,0.001269,0.085424,-0.0496
500,0.1,50,2.0,0.8944,0.5591,0.061878,0.001138,0.065378,-0.0535
500,0.1,50,2.0,0.8944,0.6318,0.046419,0.001008,0.049255,-0.0576
500,0.1,50,2.0,0.8944,0.7045,0.033772,0.000877,0.036006,-0.0620
500,0.1,50,2.0,0.8944,0.7773,0.023230,0.000740,0.024912,-0.0675
500,0.1,50,2.0,0.8944,0.85,0.014342,0.000591,0.015510,-0.0753
500,0.3,150,0.2,0.1961,0.05,0.168535,0.002315,0.166845,0.0101
500,0.3,150,0.2,0.1961,0.1227,0.134740,0.002059,0.133758,0.0073
500,0.3,150,0.2,0.1961,0.1955,0.108876,0.001846,0.108350,0.0049
500,0.3,150,0.2,0.1961,0.2682,0.088497,0.001663,0.088275,0.0025
500,0.3,150,0.2,0.1961,0.3409,0.072013,0.001500,0.071994,0.0003
500,0.3,150,0.2,0.1961,0.4136,0.058409,0.001352,0.058523,-0.0019
500,0.3,150,0.2,0.1961,0.4864,0.046982,0.001214,0.047180,-0.0042
500,0.3,150,0.2,0.1961,0.5591,0.037274,0.001083,0.037520,-0.0066
500,0.3,150,0.2,0.1961,0.6318,0.028918,0.000956,0.029185,-0.0092
500,0.3,150,0.2,0.1961,0.7045,0.021651,0.000830,0.021920,-0.0122
500,0.3,150,0.2,0.1961,0.7773,0.015270,0.000699,0.015522,-0.0162
500,0.3,150,0.2,0.1961,0.85,0.009642,0.000558,0.009861,-0.0222
500,0.3,150,0.5,0.4472,0.05,0.381870,0.002135,0.380465,0.0037
500,0.3,150,0.5,0.4472,0.1227,0.305630,0.001919,0.305015,0.0020
500,0.3,150,0.5,0.4472,0.1955,0.247176,0.001735,0.247076,0.0004
500,0.3,150,0.5,0.4472,0.2682,0.201074,0.001575,0.201298,-0.0011
500,0.3,150,0.5,0.4472,0.3409,0.163754,0.001432,0.164171,-0.0025
500,0.3,150,0.5,0.4472,0.4136,0.132936,0.001301,0.133454,-0.0039
500,0.3,150,0.5,0.4472,0.4864,0.107031,0.001177,0.107586,-0.0052
500,0.3,150,0.5,0.4472,0.5591,0.085011,0.001058,0.085559,-0.0064
500,0.3,150,0.5,0.4472,0.6318,0.066042,0.000940,0.066552,-0.0077
500,0.3,150,0.5,0.4472,0.7045,0.049534,0.000821,0.049985,-0.0090
500,0.3,150,0.5,0.4472,0.7773,0.035021,0.000696,0.035396,-0.0106
500,0.3,150,0.5,0.4472,0.85,0.022199,0.000559,0.022486,-0.0127
500,0.3,150,1.0,0.7071,0.05,0.602499,0.001760,0.601568,0.0015
500,0.3,150,1.0,0.7071,0.1227,0.482387,0.001636,0.482271,0.0002
500,0.3,150,1.0,0.7071,0.1955,0.390241,0.001513,0.390661,-0.0011
500,0.3,150,1.0,0.7071,0.2682,0.317541,0.001402,0.318281,-0.0023
500,0.3,150,1.0,0.7071,0.3409,0.258675,0.001301,0.259577,-0.0035
500,0.3,150,1.0,0.7071,0.4136,0.210055,0.001204,0.211009,-0.0045
500,0.3,150,1.0,0.7071,0.4864,0.169176,0.001108,0.170108,-0.0055
500,0.3,150,1.0,0.7071,0.5591,0.134420,0.001012,0.135281,-0.0064
500,0.3,150,1.0,0.7071,0.6318,0.104474,0.000912,0.105229,-0.0072
500,0.3,150,1.0,0.7071,0.7045,0.078404,0.000806,0.079033,-0.0080
500,0.3,150,1.0,0.7071,0.7773,0.055477,0.000691,0.055966,-0.0087
500,0.3,150,1.0,0.7071,0.85,0.035211,0.000560,0.035553,-0.0096
500,0.3,150,2.0,0.8944,0.05,0.761291,0.001290,0.760931,0.0005
500,0.3,150,2.0,0.8944,0.1227,0.609635,0.001300,0.610030,-0.0006
500,0.3,150,2.0,0.8944,0.1955,0.493254,0.001259,0.494151,-0.0018
500,0.3,150,2.0,0.8944,0.2682,0.401418,0.001210,0.402597,-0.0029
500,0.3,150,2.0,0.8944,0.3409,0.327048,0.001158,0.328342,-0.0039
500,0.3,150,2.0,0.8944,0.4136,0.265614,0.001101,0.266908,-0.0048
500,0.3,150,2.0,0.8944,0.4864,0.213958,0.001037,0.215172,-0.0056
500,0.3,150,2.0,0.8944,0.5591,0.170034,0.000965,0.171118,-0.0063
500,0.3,150,2.0,0.8944,0.6318,0.132183,0.000884,0.133105,-0.0069
500,0.3,150,2.0,0.8944,0.7045,0.099228,0.000792,0.099970,-0.0074
500,0.3,150,2.0,0.8944,0.7773,0.070240,0.000687,0.070793,-0.0078
500,0.3,150,2.0,0.8944,0.85,0.044609,0.000563,0.044971,-0.0080
500,0.5,250,0.2,0.1961,0.05,0.175936,0.001879,0.177438,-0.0085
500,0.5,250,0.2,0.1961,0.1227,0.151868,0.001756,0.153249,-0.0090
500,0.5,250,0.2,0.1961,0.1955,0.130698,0.001637,0.131974,-0.0097
500,0.5,250,0.2,0.1961,0.2682,0.111986,0.001523,0.113167,-0.0104
500,0.5,250,0.2,0.1961,0.3409,0.095311,0.001411,0.096398,-0.0113
500,0.5,250,0.2,0.1961,0.4136,0.080361,0.001300,0.081354,-0.0122
500,0.5,250,0.2,0.1961,0.4864,0.066868,0.001191,0.067765,-0.0132
500,0.5,250,0.2,0.1961,0.5591,0.054663,0.001080,0.055460,-0.0144
500,0.5,250,0.2,0.1961,0.6318,0.043558,0.000967,0.044252,-0.0157
500,0.5,250,0.2,0.1961,0.7045,0.033413,0.000850,0.034000,-0.0173
500,0.5,250,0.2,0.1961,0.7773,0.024099,0.000724,0.024574,-0.0193
500,0.5,250,0.2,0.1961,0.85,0.015546,0.000583,0.015901,-0.0224
500,0.5,250,0.5,0.4472,0.05,0.403424,0.001725,0.404622,-0.0030
500,0.5,250,0.5,0.4472,0.1227,0.348388,0.001626,0.349462,-0.0031
500,0.5,250,0.5,0.4472,0.1955,0.299919,0.001526,0.300948,-0.0034
500,0.5,250,0.5,0.4472,0.2682,0.257049,0.001429,0.258059,-0.0039
500,0.5,250,0.5,0.4472,0.3409,0.218828,0.001332,0.219821,-0.0045
500,0.5,250,0.5,0.4472,0.4136,0.184549,0.001236,0.185516,-0.0052
500,0.5,250,0.5,0.4472,0.4864,0.153600,0.001140,0.154527,-0.0060
500,0.5,250,0.5,0.4472,0.5591,0.125599,0.001041,0.126468,-0.0069
500,0.5,250,0.5,0.4472,0.6318,0.100115,0.000938,0.100909,-0.0079
500,0.5,250,0.5,0.4472,0.7045,0.076828,0.000829,0.077531,-0.0091
500,0.5,250,0.5,0.4472,0.7773,0.055444,0.000710,0.056037,-0.0106
500,0.5,250,0.5,0.4472,0.85,0.035798,0.000575,0.036261,-0.0128
500,0.5,250,1.0,0.7071,0.05,0.639044,0.001402,0.639763,-0.0011
500,0.5,250,1.0,0.7071,0.1227,0.551943,0.001358,0.552547,-0.0011
500,0.5,250,1.0,0.7071,0.1955,0.475206,0.001303,0.475841,-0.0013
500,0.5,250,1.0,0.7071,0.2682,0.407317,0.001242,0.408028,-0.0017
500,0.5,250,1.0,0.7071,0.3409,0.346780,0.001178,0.347568,-0.0023
500,0.5,250,1.0,0.7071,0.4136,0.292481,0.001112,0.293327,-0.0029
500,0.5,250,1.0,0.7071,0.4864,0.243453,0.001041,0.244329,-0.0036
500,0.5,250,1.0,0.7071,0.5591,0.199089,0.000966,0.199964,-0.0044
500,0.5,250,1.0,0.7071,0.6318,0.158710,0.000883,0.159552,-0.0053
500,0.5,250,1.0,0.7071,0.7045,0.121811,0.000792,0.122587,-0.0063
500,0.5,250,1.0,0.7071,0.7773,0.087923,0.000687,0.088602,-0.0077
500,0.5,250,1.0,0.7071,0.85,0.056784,0.000563,0.057333,-0.0096
500,0.5,250,2.0,0.8944,0.05,0.809076,0.000983,0.809244,-0.0002
500,0.5,250,2.0,0.8944,0.1227,0.698851,0.001031,0.698923,-0.0001
500,0.5,250,2.0,0.8944,0.1955,0.601721,0.001038,0.601896,-0.0003
500,0.5,250,2.0,0.8944,0.2682,0.515781,0.001027,0.516119,-0.0007
500,0.5,250,2.0,0.8944,0.3409,0.439142,0.001005,0.439643,-0.0011
500,0.5,250,2.0,0.8944,0.4136,0.370395,0.000975,0.371033,-0.0017
500,0.5,250,2.0,0.8944,0.4864,0.308319,0.000935,0.309054,-0.0024
500,0.5,250,2.0,0.8944,0.5591,0.252146,0.000887,0.252936,-0.0031
500,0.5,250,2.0,0.8944,0.6318,0.201017,0.000827,0.201819,-0.0040
500,0.5,250,2.0,0.8944,0.7045,0.154292,0.000754,0.155062,-0.0050
500,0.5,250,2.0,0.8944,0.7773,0.111377,0.000665,0.112074,-0.0062
500,0.5,250,2.0,0.8944,0.85,0.071943,0.000553,0.072521,-0.0080
2000,0.1,200,0.2,0.1961,0.05,0.128641,0.001776,0.128490,0.0012
2000,0.1,200,0.2,0.1961,0.1227,0.081689,0.001426,0.081762,-0.0009
2000,0.1,200,0.2,0.1961,0.1955,0.057037,0.001198,0.057175,-0.0024
2000,0.1,200,0.2,0.1961,0.2682,0.041895,0.001031,0.042040,-0.0035
2000,0.1,200,0.2,0.1961,0.3409,0.031640,0.000899,0.031774,-0.0042
2000,0.1,200,0.2,0.1961,0.4136,0.024237,0.000789,0.024353,-0.0047
2000,0.1,200,0.2,0.1961,0.4864,0.018635,0.000693,0.018731,-0.0051
2000,0.1,200,0.2,0.1961,0.5591,0.014258,0.000607,0.014335,-0.0054
2000,0.1,200,0.2,0.1961,0.6318,0.010741,0.000528,0.010800,-0.0055
2000,0.1,200,0.2,0.1961,0.7045,0.007852,0.000452,0.007895,-0.0055
2000,0.1,200,0.2,0.1961,0.7773,0.005433,0.000376,0.005462,-0.0053
2000,0.1,200,0.2,0.1961,0.85,0.003384,0.000297,0.003401,-0.0048
2000,0.1,200,0.5,0.4472,0.05,0.292775,0.001659,0.293002,-0.0008
2000,0.1,200,0.5,0.4472,0.1227,0.185756,0.001348,0.186447,-0.0037
2000,0.1,200,0.5,0.4472,0.1955,0.129618,0.001143,0.130380,-0.0058
2000,0.1,200,0.5,0.4472,0.2682,0.095155,0.000991,0.095867,-0.0074
2000,0.1,200,0.5,0.4472,0.3409,0.071828,0.000869,0.072456,-0.0087
2000,0.1,200,0.5,0.4472,0.4136,0.054993,0.000766,0.055532,-0.0097
2000,0.1,200,0.5,0.4472,0.4864,0.042257,0.000676,0.042712,-0.0107
2000,0.1,200,0.5,0.4472,0.5591,0.032312,0.000594,0.032689,-0.0115
2000,0.1,200,0.5,0.4472,0.6318,0.024322,0.000518,0.024627,-0.0124
2000,0.1,200,0.5,0.4472,0.7045,0.017762,0.000444,0.018003,-0.0134
2000,0.1,200,0.5,0.4472,0.7773,0.012275,0.000370,0.012456,-0.0145
2000,0.1,200,0.5,0.4472,0.85,0.007630,0.000293,0.007755,-0.0162
2000,0.1,200,1.0,0.7071,0.05,0.462618,0.001408,0.463277,-0.0014
2000,0.1,200,1.0,0.7071,0.1227,0.293429,0.001185,0.294799,-0.0046
2000,0.1,200,1.0,0.7071,0.1955,0.204709,0.001032,0.206149,-0.0070
2000,0.1,200,1.0,0.7071,0.2682,0.150254,0.000913,0.151579,-0.0087
2000,0.1,200,1.0,0.7071,0.3409,0.113399,0.000813,0.114563,-0.0102
2000,0.1,200,1.0,0.7071,0.4136,0.086805,0.000725,0.087804,-0.0114
2000,0.1,200,1.0,0.7071,0.4864,0.066690,0.000645,0.067534,-0.0125
2000,0.1,200,1.0,0.7071,0.5591,0.050983,0.000571,0.051686,-0.0136
2000,0.1,200,1.0,0.7071,0.6318,0.038366,0.000500,0.038939,-0.0147
2000,0.1,200,1.0,0.7071,0.7045,0.028010,0.000431,0.028465,-0.0160
2000,0.1,200,1.0,0.7071,0.7773,0.019348,0.000361,0.019695,-0.0176
2000,0.1,200,1.0,0.7071,0.85,0.012018,0.000286,0.012262,-0.0199
2000,0.1,200,2.0,0.8944,0.05,0.584980,0.001095,0.586004,-0.0017
2000,0.1,200,2.0,0.8944,0.1227,0.370987,0.000995,0.372894,-0.0051
2000,0.1,200,2.0,0.8944,0.1955,0.258790,0.000908,0.260760,-0.0076
2000,0.1,200,2.0,0.8944,0.2682,0.189932,0.000829,0.191734,-0.0094
2000,0.1,200,2.0,0.8944,0.3409,0.143332,0.000754,0.144912,-0.0109
2000,0.1,200,2.0,0.8944,0.4136,0.109709,0.000682,0.111065,-0.0122
2000,0.1,200,2.0,0.8944,0.4864,0.084278,0.000614,0.085424,-0.0134
2000,0.1,200,2.0,0.8944,0.5591,0.064422,0.000548,0.065378,-0.0146
2000,0.1,200,2.0,0.8944,0.6318,0.048473,0.000483,0.049255,-0.0159
2000,0.1,200,2.0,0.8944,0.7045,0.035382,0.000418,0.036006,-0.0173
2000,0.1,200,2.0,0.8944,0.7773,0.024435,0.000352,0.024912,-0.0191
2000,0.1,200,2.0,0.8944,0.85,0.015172,0.000280,0.015510,-0.0218
2000,0.3,600,0.2,0.1961,0.05,0.166571,0.001190,0.166845,-0.0016
2000,0.3,600,0.2,0.1961,0.1227,0.133028,0.001071,0.133758,-0.0055
2000,0.3,600,0.2,0.1961,0.1955,0.107404,0.000966,0.108350,-0.0087
2000,0.3,600,0.2,0.1961,0.2682,0.087228,0.000873,0.088275,-0.0119
2000,0.3,600,0.2,0.1961,0.3409,0.070913,0.000789,0.071994,-0.0150
2000,0.3,600,0.2,0.1961,0.4136,0.057451,0.000712,0.058523,-0.0183
2000,0.3,600,0.2,0.1961,0.4864,0.046145,0.000640,0.047180,-0.0219
2000,0.3,600,0.2,0.1961,0.5591,0.036544,0.000571,0.037520,-0.0260
2000,0.3,600,0.2,0.1961,0.6318,0.028285,0.000504,0.029185,-0.0308
2000,0.3,600,0.2,0.1961,0.7045,0.021111,0.000437,0.021920,-0.0369
2000,0.3,600,0.2,0.1961,0.7773,0.014822,0.000368,0.015522,-0.0451
2000,0.3,600,0.2,0.1961,0.85,0.009288,0.000294,0.009861,-0.0581
2000,0.3,600,0.5,0.4472,0.05,0.380157,0.001103,0.380465,-0.0008
2000,0.3,600,0.5,0.4472,0.1227,0.304206,0.001003,0.305015,-0.0027
2000,0.3,600,0.5,0.4472,0.1955,0.246016,0.000910,0.247076,-0.0043
2000,0.3,600,0.5,0.4472,0.2682,0.200119,0.000825,0.201298,-0.0059
2000,0.3,600,0.5,0.4472,0.3409,0.162952,0.000749,0.164171,-0.0074
2000,0.3,600,0.5,0.4472,0.4136,0.132247,0.000679,0.133454,-0.0090
2000,0.3,600,0.5,0.4472,0.4864,0.106428,0.000613,0.107586,-0.0108
2000,0.3,600,0.5,0.4472,0.5591,0.084475,0.000549,0.085559,-0.0127
2000,0.3,600,0.5,0.4472,0.6318,0.065563,0.000487,0.066552,-0.0149
2000,0.3,600,0.5,0.4472,0.7045,0.049107,0.000425,0.049985,-0.0176
2000,0.3,600,0.5,0.4472,0.7773,0.034646,0.000360,0.035396,-0.0212
2000,0.3,600,0.5,0.4472,0.85,0.021884,0.000288,0.022486,-0.0268
2000,0.3,600,1.0,0.7071,0.05,0.601248,0.000916,0.601568,-0.0005
2000,0.3,600,1.0,0.7071,0.1227,0.481443,0.000859,0.482271,-0.0017
2000,0.3,600,1.0,0.7071,0.1955,0.389564,0.000792,0.390661,-0.0028
2000,0.3,600,1.0,0.7071,0.2682,0.317052,0.000728,0.318281,-0.0039
2000,0.3,600,1.0,0.7071,0.3409,0.258306,0.000669,0.259577,-0.0049
2000,0.3,600,1.0,0.7071,0.4136,0.209754,0.000614,0.211009,-0.0059
2000,0.3,600,1.0,0.7071,0.4864,0.168911,0.000562,0.170108,-0.0070
2000,0.3,600,1.0,0.7071,0.5591,0.134169,0.000510,0.135281,-0.0082
2000,0.3,600,1.0,0.7071,0.6318,0.104224,0.000459,0.105229,-0.0095
2000,0.3,600,1.0,0.7071,0.7045,0.078153,0.000405,0.079033,-0.0111
2000,0.3,600,1.0,0.7071,0.7773,0.055227,0.000347,0.055966,-0.0132
2000,0.3,600,1.0,0.7071,0.85,0.034972,0.000281,0.035553,-0.0163
2000,0.3,600,2.0,0.8944,0.05,0.760631,0.000676,0.760931,-0.0004
2000,0.3,600,2.0,0.8944,0.1227,0.609268,0.000682,0.610030,-0.0012
2000,0.3,600,2.0,0.8944,0.1955,0.493129,0.000651,0.494151,-0.0021
2000,0.3,600,2.0,0.8944,0.2682,0.401445,0.000615,0.402597,-0.0029
2000,0.3,600,2.0,0.8944,0.3409,0.327149,0.000579,0.328342,-0.0036
2000,0.3,600,2.0,0.8944,0.4136,0.265734,0.000544,0.266908,-0.0044
2000,0.3,600,2.0,0.8944,0.4864,0.214058,0.000509,0.215172,-0.0052
2000,0.3,600,2.0,0.8944,0.5591,0.170093,0.000471,0.171118,-0.0060
2000,0.3,600,2.0,0.8944,0.6318,0.132189,0.000431,0.133105,-0.0069
2000,0.3,600,2.0,0.8944,0.7045,0.099179,0.000386,0.099970,-0.0079
2000,0.3,600,2.0,0.8944,0.7773,0.070140,0.000336,0.070793,-0.0092
2000,0.3,600,2.0,0.8944,0.85,0.044472,0.000276,0.044971,-0.0111
2000,0.5,1000,0.2,0.1961,0.05,0.177059,0.000936,0.177438,-0.0021
2000,0.5,1000,0.2,0.1961,0.1227,0.152786,0.000872,0.153249,-0.0030
2000,0.5,1000,0.2,0.1961,0.1955,0.131463,0.000812,0.131974,-0.0039
2000,0.5,1000,0.2,0.1961,0.2682,0.112630,0.000754,0.113167,-0.0047
2000,0.5,1000,0.2,0.1961,0.3409,0.095856,0.000699,0.096398,-0.0056
2000,0.5,1000,0.2,0.1961,0.4136,0.080821,0.000644,0.081354,-0.0066
2000,0.5,1000,0.2,0.1961,0.4864,0.067253,0.000590,0.067765,-0.0076
2000,0.5,1000,0.2,0.1961,0.5591,0.054980,0.000536,0.055460,-0.0087
2000,0.5,1000,0.2,0.1961,0.6318,0.043813,0.000481,0.044252,-0.0099
2000,0.5,1000,0.2,0.1961,0.7045,0.033611,0.000423,0.034000,-0.0114
2000,0.5,1000,0.2,0.1961,0.7773,0.024244,0.000361,0.024574,-0.0134
2000,0.5,1000,0.2,0.1961,0.85,0.015641,0.000291,0.015901,-0.0164
2000,0.5,1000,0.5,0.4472,0.05,0.404303,0.000859,0.404622,-0.0008
2000,0.5,1000,0.5,0.4472,0.1227,0.349017,0.000806,0.349462,-0.0013
2000,0.5,1000,0.5,0.4472,0.1955,0.300403,0.000756,0.300948,-0.0018
2000,0.5,1000,0.5,0.4472,0.2682,0.257445,0.000707,0.258059,-0.0024
2000,0.5,1000,0.5,0.4472,0.3409,0.219165,0.000660,0.219821,-0.0030
2000,0.5,1000,0.5,0.4472,0.4136,0.184844,0.000613,0.185516,-0.0036
2000,0.5,1000,0.5,0.4472,0.4864,0.153860,0.000566,0.154527,-0.0043
2000,0.5,1000,0.5,0.4472,0.5591,0.125827,0.000518,0.126468,-0.0051
2000,0.5,1000,0.5,0.4472,0.6318,0.100312,0.000468,0.100909,-0.0059
2000,0.5,1000,0.5,0.4472,0.7045,0.076993,0.000415,0.077531,-0.0069
2000,0.5,1000,0.5,0.4472,0.7773,0.055575,0.000357,0.056037,-0.0082
2000,0.5,1000,0.5,0.4472,0.85,0.035893,0.000290,0.036261,-0.0101
2000,0.5,1000,1.0,0.7071,0.05,0.639548,0.000697,0.639763,-0.0003
2000,0.5,1000,1.0,0.7071,0.1227,0.552165,0.000675,0.552547,-0.0007
2000,0.5,1000,1.0,0.7071,0.1955,0.475307,0.000647,0.475841,-0.0011
2000,0.5,1000,1.0,0.7071,0.2682,0.407377,0.000617,0.408028,-0.0016
2000,0.5,1000,1.0,0.7071,0.3409,0.346837,0.000586,0.347568,-0.0021
2000,0.5,1000,1.0,0.7071,0.4136,0.292551,0.000553,0.293327,-0.0026
2000,0.5,1000,1.0,0.7071,0.4864,0.243539,0.000518,0.244329,-0.0032
2000,0.5,1000,1.0,0.7071,0.5591,0.199189,0.000481,0.199964,-0.0039
2000,0.5,1000,1.0,0.7071,0.6318,0.158819,0.000441,0.159552,-0.0046
2000,0.5,1000,1.0,0.7071,0.7045,0.121920,0.000396,0.122587,-0.0054
2000,0.5,1000,1.0,0.7071,0.7773,0.088025,0.000345,0.088602,-0.0065
2000,0.5,1000,1.0,0.7071,0.85,0.056871,0.000284,0.057333,-0.0081
2000,0.5,1000,2.0,0.8944,0.05,0.809154,0.000491,0.809244,-0.0001
2000,0.5,1000,2.0,0.8944,0.1227,0.698643,0.000518,0.698923,-0.0004
2000,0.5,1000,2.0,0.8944,0.1955,0.601428,0.000523,0.601896,-0.0008
2000,0.5,1000,2.0,0.8944,0.2682,0.515498,0.000517,0.516119,-0.0012
2000,0.5,1000,2.0,0.8944,0.3409,0.438911,0.000504,0.439643,-0.0017
2000,0.5,1000,2.0,0.8944,0.4136,0.370232,0.000487,0.371033,-0.0022
2000,0.5,1000,2.0,0.8944,0.4864,0.308222,0.000465,0.309054,-0.0027
2000,0.5,1000,2.0,0.8944,0.5591,0.252108,0.000440,0.252936,-0.0033
2000,0.5,1000,2.0,0.8944,0.6318,0.201026,0.000409,0.201819,-0.0039
2000,0.5,1000,2.0,0.8944,0.7045,0.154334,0.000373,0.155062,-0.0047
2000,0.5,1000,2.0,0.8944,0.7773,0.111440,0.000330,0.112074,-0.0057
2000,0.5,1000,2.0,0.8944,0.85,0.072012,0.000275,0.072521,-0.0070
